填料类型,填料类别,填料负载量(mg/cm²),比表面积(m²/g),粒径(nm),孔体积(cm³/g),基底材料,隔膜厚度(μm),孔隙率,电解液体系,温度(°C),倍率(C),循环次数,离子电导率(mS/cm),初始比容量(mAh/g),容量保持率(%),库伦效率(%),穿梭因子
MnO₂,金属氧化物,1.816,82.2,28.6,0.309,GF/A(玻璃纤维),263.8,0.777,DOL/DME + 0.5M LiTFSI,35,0.1,1000,2.199,927.5,98.1,96.08,0.02
rGO,碳基,1.178,339.3,6.4,0.829,Whatman GF/D,674.2,0.835,DOL/DME + 1M LiTFSI + 0.2M LiNO₃,55,0.2,1000,2.255,1427.0,85.9,97.27,0.096
氧化石墨烯(GO),碳基,2.732,409.6,3.8,0.722,PET,8.2,0.434,DOL/DME + 1M LiTFSI + 0.2M LiNO₃,25,3.0,100,1.063,654.2,99.0,99.9,0.02
WO₃,金属氧化物,2.885,40.6,36.2,0.176,Whatman GF/D,675.4,0.855,砜类(DIPAS) + 1M LiTFSI,55,0.1,800,0.88,629.9,99.0,95.52,0.0518
石墨烯,碳基,0.392,434.9,9.6,0.789,PI(聚酰亚胺),19.1,0.495,离子液体(PYR₁₄TFSI) + 0.5M LiTFSI,25,1.0,300,0.332,1171.0,99.0,92.99,0.2308
ZIF-8,MOF/COF,2.324,1904.7,4.1,0.611,尼龙膜,24.7,0.549,DOL/DME + 2M LiTFSI,30,0.5,500,1.777,1114.6,99.0,97.61,0.02
VN,氮化物,0.361,46.1,23.9,0.206,尼龙膜,24.0,0.581,砜类(DIPAS) + 1M LiTFSI,55,1.0,50,0.819,1092.1,96.1,91.31,0.2815
Fe₂O₃,金属氧化物,0.404,47.7,38.7,0.155,PVDF-HFP,17.9,0.603,DOL/DME + 1M LiTFSI,25,3.0,200,1.425,908.5,92.9,92.29,0.3137
MXene(Ti₃C₂),其他,2.931,90.4,9.8,0.356,GF/A(玻璃纤维),252.9,0.817,DOL/DME + 1M LiTFSI,60,0.5,500,2.507,573.3,99.0,96.04,0.02
MnO₂,金属氧化物,1.919,74.4,30.5,0.231,PVDF,34.6,0.685,DOL/DME + 1M LiTFSI + 0.1M LiNO₃,25,3.0,100,1.295,795.0,99.0,99.9,0.02
COF-LZU1,MOF/COF,0.385,486.6,6.0,0.362,GF/A(玻璃纤维),266.5,0.72,砜类(DIPAS) + 1M LiTFSI,35,0.5,500,0.728,1089.6,86.6,93.1,0.2812
VN,氮化物,1.944,56.4,29.2,0.185,PET,11.9,0.552,DOL/DME + 1M LiTFSI,55,0.5,50,2.146,1004.2,99.0,94.87,0.02
SnS₂,金属硫化物,0.959,41.0,61.3,0.104,Celgard 3501(PP/PE/PP),38.6,0.466,DOL/DME + 1M LiTFSI,25,0.5,500,1.195,1129.0,99.0,95.99,0.1692
Co₃O₄,金属氧化物,1.737,69.9,29.1,0.24,PVDF-HFP,26.3,0.68,DOL/DME + 1M LiTFSI + 0.2M LiNO₃,25,0.1,200,0.989,1000.6,99.0,99.32,0.02
介孔碳(CMK-3),碳基,2.812,997.3,16.2,1.397,纤维素膜,31.0,0.733,离子液体(PYR₁₄TFSI) + 0.5M LiTFSI,25,1.0,50,0.504,739.0,99.0,93.96,0.02
ZnO,金属氧化物,1.854,29.7,54.9,0.117,Celgard 2500(PE),21.6,0.553,砜类(DIPAS) + 1M LiTFSI,45,0.5,100,0.683,1072.9,99.0,95.55,0.02
CNT,碳基,2.477,238.6,32.7,0.926,PVDF,30.6,0.627,离子液体(PYR₁₄TFSI) + 0.5M LiTFSI,30,0.5,200,0.372,955.6,99.0,95.07,0.0207
ZnO,金属氧化物,0.79,43.0,43.2,0.092,尼龙膜,23.3,0.629,DOL/DME + 2M LiTFSI,45,0.5,300,1.355,1007.1,98.8,92.81,0.2134
石墨烯,碳基,0.567,395.3,9.8,1.119,Celgard 2400(PP),22.5,0.394,DOL/DME + 1M LiTFSI + 0.5M LiNO₃,60,3.0,100,1.682,1374.8,99.0,95.88,0.1013
石墨烯,碳基,0.128,449.1,8.2,0.608,PI(聚酰亚胺),26.4,0.519,DOL/DME + 1M LiTFSI + 0.1M LiNO₃,25,5.0,200,1.323,1030.0,98.3,96.02,0.1976
氮掺杂碳,碳基,0.165,410.5,18.4,0.744,Whatman GF/D,677.9,0.794,DOL/DME + 1M LiTFSI + 0.1M LiNO₃,25,2.0,500,1.456,1078.1,85.5,97.65,0.2234
SnS₂,金属硫化物,1.667,46.1,23.8,0.161,PVDF-HFP,30.6,0.632,砜类(DIPAS) + 1M LiTFSI,50,1.0,200,0.777,1075.2,99.0,94.1,0.0747
MnO₂,金属氧化物,2.488,93.2,28.1,0.262,Celgard 2400(PP),24.3,0.415,DOL/DME + 1M LiTFSI + 0.5M LiNO₃,35,0.5,100,1.064,761.8,99.0,99.9,0.02
Mo₂N,氮化物,2.988,58.9,30.3,0.162,尼龙膜,25.4,0.607,DOL/DME + 2M LiTFSI,50,3.0,800,1.298,526.2,99.0,96.72,0.02
PANI(聚苯胺),聚合物,1.083,34.3,109.8,0.147,纤维素膜,30.6,0.64,DOL/DME + 1M LiTFSI + 0.5M LiNO₃,25,0.2,1000,0.944,949.9,86.7,98.68,0.0897
VS₂,金属硫化物,1.156,54.6,25.8,0.165,Whatman GF/D,670.1,0.855,砜类(DIPAS) + 1M LiTFSI,30,2.0,100,0.638,978.9,99.0,93.8,0.2158
SnS₂,金属硫化物,2.854,37.5,45.4,0.102,GF/A(玻璃纤维),263.9,0.792,离子液体(PYR₁₄TFSI) + 0.5M LiTFSI,60,0.2,200,0.548,629.1,99.0,95.5,0.02
VS₂,金属硫化物,2.852,54.9,36.3,0.177,Celgard 3501(PP/PE/PP),34.3,0.446,TEGDME + 1M LiTFSI + 0.1M LiNO₃,25,0.2,50,0.503,606.0,99.0,99.9,0.02
WO₃,金属氧化物,0.159,39.2,28.9,0.162,Celgard 2400(PP),26.1,0.418,DOL/DME + 1M LiTFSI + 0.1M LiNO₃,35,0.5,1000,1.339,923.8,78.2,95.86,0.194
PANI(聚苯胺),聚合物,2.032,28.1,100.4,0.126,PVDF,26.3,0.678,DOL/DME + 1M LiTFSI,25,0.1,300,1.285,808.5,99.0,93.21,0.02
UiO-66,MOF/COF,2.714,1218.3,3.0,0.683,Celgard 2500(PE),31.4,0.507,DOL/DME + 1M LiTFSI + 0.2M LiNO₃,25,0.5,800,1.447,811.0,99.0,99.9,0.02
TpPa-COF,MOF/COF,1.405,574.9,6.7,0.309,PVDF-HFP,34.0,0.669,DOL/DME + 1M LiTFSI + 0.5M LiNO₃,25,2.0,500,1.157,1095.8,99.0,99.06,0.02
BN,氮化物,1.826,32.8,44.7,0.081,Celgard 3501(PP/PE/PP),28.5,0.453,DOL/DME + 1M LiTFSI + 0.1M LiNO₃,35,2.0,1000,1.21,835.6,89.8,99.66,0.02
TiS₂,金属硫化物,0.867,37.8,36.8,0.11,PET,15.1,0.486,DOL/DME + 1M LiTFSI,60,1.0,500,1.667,1113.6,97.6,93.43,0.1999
SnS₂,金属硫化物,1.37,30.3,39.5,0.115,Whatman GF/D,662.9,0.818,DOL/DME + 1M LiTFSI + 0.1M LiNO₃,55,0.1,200,1.938,1106.4,99.0,97.92,0.0843
La₂O₃,金属氧化物,1.695,30.3,76.8,0.077,PAN,16.3,0.711,DOL/DME + 1M LiTFSI + 0.1M LiNO₃,50,5.0,300,1.972,816.1,99.0,98.78,0.02
介孔碳(CMK-3),碳基,2.535,963.0,14.2,1.348,PET,20.3,0.541,DOL/DME + 2M LiTFSI,25,5.0,500,1.17,877.6,99.0,94.88,0.02
SnS₂,金属硫化物,1.851,41.1,25.4,0.129,Whatman GF/D,663.9,0.817,DOL/DME + 1M LiTFSI,25,1.0,1000,1.409,1006.4,99.0,96.16,0.02
石墨烯,碳基,2.293,387.4,11.9,0.624,PVDF-HFP,22.8,0.658,砜类(DIPAS) + 1M LiTFSI,25,0.2,50,0.596,1017.9,99.0,95.29,0.02
UiO-66,MOF/COF,0.535,1248.9,3.6,0.368,Whatman GF/D,671.8,0.836,DOL/DME + 1M LiTFSI + 0.2M LiNO₃,50,1.0,500,2.444,1329.7,96.9,97.7,0.1232
CeO₂,金属氧化物,1.098,70.2,9.6,0.131,Celgard 2400(PP),32.2,0.471,砜类(DIPAS) + 1M LiTFSI,60,0.5,50,0.794,1186.6,99.0,92.66,0.1515
多孔碳球,碳基,0.472,789.5,16.4,1.371,PVDF-HFP,27.8,0.654,DOL/DME + 2M LiTFSI,30,1.0,200,1.05,1440.7,97.7,92.48,0.21
WS₂,金属硫化物,2.097,32.2,31.7,0.118,Celgard 2500(PE),22.4,0.559,DOL/DME + 1M LiTFSI + 0.2M LiNO₃,50,1.0,1000,1.659,910.1,99.0,99.89,0.02
TiN,氮化物,2.76,74.0,25.0,0.181,Whatman GF/D,669.1,0.834,DOL/DME + 1M LiTFSI + 0.5M LiNO₃,60,0.5,300,1.685,615.1,99.0,98.87,0.02
CoS₂,金属硫化物,1.039,38.9,20.1,0.169,纤维素膜,35.4,0.616,TEGDME + 1M LiTFSI,25,5.0,50,0.631,913.0,99.0,94.34,0.1593
La₂O₃,金属氧化物,0.15,28.7,47.3,0.086,PVDF,26.4,0.604,TEGDME + 1M LiTFSI + 0.1M LiNO₃,25,0.5,800,0.562,891.9,76.0,98.74,0.2321
石墨烯,碳基,0.669,414.8,8.2,1.178,PI(聚酰亚胺),14.5,0.619,DOL/DME + 1M LiTFSI + 0.2M LiNO₃,25,0.2,300,0.96,1382.3,99.0,97.04,0.0943
ZIF-8,MOF/COF,2.697,1669.8,5.1,0.625,尼龙膜,30.1,0.539,离子液体(PYR₁₄TFSI) + 0.5M LiTFSI,45,5.0,500,0.794,735.4,99.0,96.76,0.02
碳纳米纤维(CNF),碳基,0.767,192.8,130.7,0.52,Celgard 2500(PE),30.8,0.496,DOL/DME + 1M LiTFSI + 0.2M LiNO₃,45,0.2,500,1.607,1437.5,94.7,97.42,0.1399
TiS₂,金属硫化物,1.058,31.8,23.0,0.092,Celgard 2400(PP),28.0,0.346,TEGDME + 1M LiTFSI,55,0.2,200,1.087,1229.9,99.0,92.72,0.139
TiN,氮化物,2.41,62.3,21.7,0.209,PET,9.4,0.433,DOL/DME + 2M LiTFSI,40,0.5,200,1.05,826.9,99.0,96.31,0.02
MIL-101(Cr),MOF/COF,0.248,3183.4,1.9,1.282,纤维素膜,36.6,0.659,TEGDME + 1M LiTFSI + 0.1M LiNO₃,40,5.0,500,1.002,1503.4,97.5,99.46,0.02
COF-LZU1,MOF/COF,1.295,466.7,7.8,0.338,PVDF-HFP,34.0,0.662,离子液体(PYR₁₄TFSI) + 0.5M LiTFSI,50,0.2,300,0.704,1465.2,99.0,93.96,0.0889
碳黑(Super P),碳基,0.528,63.1,41.9,0.232,PVDF,41.5,0.537,DOL/DME + 1M LiTFSI + 0.5M LiNO₃,25,2.0,500,0.876,945.2,86.7,97.58,0.2008
TiS₂,金属硫化物,0.354,39.4,28.2,0.124,PAN,31.7,0.735,DOL/DME + 1M LiTFSI + 0.1M LiNO₃,25,1.0,200,1.39,1001.6,97.5,97.15,0.1556
碳黑(Super P),碳基,2.835,65.7,41.1,0.267,尼龙膜,23.9,0.676,砜类(DIPAS) + 1M LiTFSI,45,0.2,100,0.686,716.1,99.0,92.77,0.2023
WO₃,金属氧化物,2.104,44.8,26.3,0.126,Celgard 2500(PE),22.8,0.622,DOL/DME + 1M LiTFSI + 0.2M LiNO₃,55,0.2,50,1.756,970.5,99.0,99.46,0.02
Mo₂N,氮化物,0.078,47.9,24.9,0.121,Celgard 3501(PP/PE/PP),37.8,0.41,DOL/DME + 2M LiTFSI,45,0.5,200,1.109,883.1,93.5,92.19,0.3528
La₂O₃,金属氧化物,2.964,18.0,41.7,0.084,Celgard 2400(PP),28.4,0.402,TEGDME + 1M LiTFSI,50,1.0,100,0.737,553.1,99.0,93.89,0.02
介孔碳(CMK-3),碳基,0.6,902.2,14.9,1.638,尼龙膜,22.1,0.578,砜类(DIPAS) + 1M LiTFSI,25,0.5,500,0.631,1311.9,91.3,92.78,0.1317
MWCNT,碳基,2.438,221.9,63.1,0.633,Celgard 2500(PE),21.0,0.481,离子液体(PYR₁₄TFSI) + 0.5M LiTFSI,35,3.0,100,0.39,770.4,99.0,95.13,0.0756
V₂O₅,金属氧化物,1.735,43.3,49.1,0.159,Celgard 3501(PP/PE/PP),38.2,0.505,离子液体(PYR₁₄TFSI) + 0.5M LiTFSI,25,5.0,800,0.351,771.9,99.0,95.07,0.02
VN,氮化物,0.136,54.0,25.7,0.213,尼龙膜,20.9,0.638,砜类(DIPAS) + 1M LiTFSI,45,0.2,50,0.736,1005.1,97.7,91.65,0.3574
氮掺杂碳,碳基,1.325,464.2,18.3,0.975,PI(聚酰亚胺),16.5,0.522,离子液体(PYR₁₄TFSI) + 0.5M LiTFSI,30,0.2,200,0.48,1474.8,99.0,94.61,0.0293
TiO₂,金属氧化物,0.185,58.3,22.4,0.176,尼龙膜,14.8,0.657,DOL/DME + 0.5M LiTFSI,60,0.2,100,3.04,1013.0,96.0,91.68,0.3753
碳黑(Super P),碳基,1.981,61.0,30.8,0.246,Celgard 2500(PE),28.2,0.489,DOL/DME + 1M LiTFSI + 0.5M LiNO₃,55,0.5,100,1.673,1015.7,99.0,98.64,0.0402
碳黑(Super P),碳基,2.159,56.8,60.5,0.204,Celgard 2400(PP),25.8,0.402,砜类(DIPAS) + 1M LiTFSI,25,0.5,500,0.408,871.8,99.0,95.16,0.1344
V₂O₅,金属氧化物,1.842,42.2,23.9,0.137,PI(聚酰亚胺),17.7,0.484,DOL/DME + 1M LiTFSI,25,1.0,500,1.277,858.9,99.0,95.46,0.02
CoS₂,金属硫化物,2.587,39.2,29.7,0.15,GF/A(玻璃纤维),254.2,0.875,砜类(DIPAS) + 1M LiTFSI,60,1.0,100,1.011,715.1,99.0,95.2,0.02
MWCNT,碳基,1.221,213.5,35.4,0.746,PVDF,33.1,0.575,离子液体(PYR₁₄TFSI) + 0.5M LiTFSI,25,1.0,100,0.38,1211.9,99.0,95.01,0.2175
多孔碳球,碳基,2.845,825.9,22.2,1.045,Whatman GF/D,682.1,0.883,DOL/DME + 0.5M LiTFSI,40,3.0,300,3.297,722.6,99.0,97.03,0.02
石墨烯,碳基,1.968,526.6,7.3,0.805,PAN,11.9,0.729,DOL/DME + 2M LiTFSI,35,1.0,100,1.409,1041.3,99.0,95.15,0.0851
石墨烯,碳基,0.701,359.5,7.4,0.807,Celgard 3501(PP/PE/PP),36.8,0.445,DOL/DME + 1M LiTFSI + 0.2M LiNO₃,50,0.5,200,1.704,1282.3,97.6,97.35,0.1062
CeO₂,金属氧化物,1.486,52.8,15.9,0.224,PVDF-HFP,28.9,0.677,DOL/DME + 1M LiTFSI + 0.1M LiNO₃,50,0.5,50,1.68,1097.6,99.0,99.07,0.02
Co₃O₄,金属氧化物,1.759,63.8,29.5,0.176,PAN,27.4,0.752,DOL/DME + 0.5M LiTFSI,35,0.1,500,2.028,974.0,99.0,94.6,0.0218
VN,氮化物,1.374,49.7,27.1,0.239,PAN,15.7,0.635,离子液体(PYR₁₄TFSI) + 0.5M LiTFSI,35,0.5,200,0.407,1118.5,99.0,95.67,0.087
WO₃,金属氧化物,0.846,38.3,27.6,0.127,GF/A(玻璃纤维),254.8,0.791,DOL/DME + 1M LiTFSI + 0.5M LiNO₃,25,0.2,1000,1.167,1044.9,75.0,96.68,0.137
Fe₂O₃,金属氧化物,0.462,39.4,45.2,0.156,PI(聚酰亚胺),16.7,0.604,TEGDME + 1M LiTFSI + 0.1M LiNO₃,40,0.2,50,0.822,1077.1,99.0,97.93,0.1792
WO₃,金属氧化物,2.397,39.0,36.8,0.146,Whatman GF/D,679.1,0.8,DOL/DME + 0.5M LiTFSI,40,2.0,50,2.057,732.4,99.0,96.21,0.0642
SnS₂,金属硫化物,1.242,43.7,28.7,0.142,PVDF,33.5,0.585,DOL/DME + 1M LiTFSI + 0.1M LiNO₃,25,1.0,300,1.304,951.5,99.0,99.9,0.0557
WO₃,金属氧化物,1.81,26.4,43.3,0.131,Celgard 3501(PP/PE/PP),33.8,0.473,砜类(DIPAS) + 1M LiTFSI,25,2.0,100,0.442,873.8,99.0,95.65,0.02
碳纳米纤维(CNF),碳基,2.448,175.5,129.4,0.534,PVDF,32.8,0.598,DOL/DME + 2M LiTFSI,35,0.5,100,0.975,823.3,99.0,94.24,0.119
PDA(聚多巴胺),聚合物,1.591,23.1,66.2,0.091,尼龙膜,21.7,0.579,砜类(DIPAS) + 1M LiTFSI,40,0.1,500,0.673,881.3,99.0,97.24,0.0368
UiO-66,MOF/COF,1.263,1088.1,2.6,0.491,尼龙膜,29.5,0.605,DOL/DME + 0.5M LiTFSI,60,2.0,100,4.21,1269.1,99.0,92.86,0.02
碳纳米纤维(CNF),碳基,1.445,156.4,123.5,0.462,Whatman GF/D,666.3,0.878,DOL/DME + 1M LiTFSI + 0.1M LiNO₃,55,2.0,800,2.086,1123.9,94.5,99.28,0.0599
TiS₂,金属硫化物,0.429,36.4,28.6,0.091,PI(聚酰亚胺),22.8,0.495,DOL/DME + 0.5M LiTFSI,55,1.0,200,2.267,1123.2,98.6,91.69,0.281
NiS₂,金属硫化物,1.799,34.1,40.1,0.111,PET,17.1,0.493,TEGDME + 1M LiTFSI + 0.1M LiNO₃,40,0.1,100,0.733,1084.4,99.0,99.9,0.02
PPy(聚吡咯),聚合物,1.631,39.4,57.3,0.125,纤维素膜,41.2,0.735,DOL/DME + 2M LiTFSI,45,0.2,500,1.43,872.6,99.0,94.04,0.1028
碳纳米纤维(CNF),碳基,2.601,182.8,179.2,0.526,PET,16.0,0.442,DOL/DME + 2M LiTFSI,25,5.0,800,0.693,590.9,98.8,94.23,0.02
CoS₂,金属硫化物,2.762,46.5,30.0,0.141,PI(聚酰亚胺),22.3,0.528,TEGDME + 1M LiTFSI + 0.1M LiNO₃,50,3.0,300,0.893,542.6,99.0,99.9,0.02
CNT,碳基,0.71,262.1,38.8,0.764,GF/A(玻璃纤维),263.5,0.702,DOL/DME + 1M LiTFSI + 0.1M LiNO₃,25,0.5,200,1.279,1093.3,98.8,97.27,0.1039
石墨烯,碳基,0.449,422.5,8.8,0.841,Celgard 2500(PE),27.4,0.553,DOL/DME + 1M LiTFSI + 0.5M LiNO₃,25,0.5,100,0.872,1183.2,99.0,96.67,0.1281
MXene(Ti₃C₂),其他,1.319,87.6,11.7,0.325,PET,13.4,0.576,砜类(DIPAS) + 1M LiTFSI,50,0.1,200,0.899,1042.1,99.0,94.57,0.1394
ZnO,金属氧化物,1.244,29.3,63.5,0.085,PVDF-HFP,41.5,0.63,DOL/DME + 1M LiTFSI + 0.5M LiNO₃,35,1.0,100,1.127,982.5,99.0,99.05,0.0786
VS₂,金属硫化物,1.876,56.2,25.2,0.131,PET,20.6,0.431,DOL/DME + 2M LiTFSI,35,0.5,500,0.906,957.2,99.0,96.72,0.02
CoS₂,金属硫化物,2.366,41.0,36.2,0.136,PAN,31.1,0.734,离子液体(PYR₁₄TFSI) + 0.5M LiTFSI,60,1.0,200,0.607,817.1,99.0,94.64,0.02
碳黑(Super P),碳基,1.579,64.1,34.6,0.326,Celgard 2400(PP),25.7,0.392,DOL/DME + 2M LiTFSI,50,0.2,500,1.235,1254.1,94.6,92.45,0.0965
MXene(Ti₃C₂),其他,2.001,90.3,9.1,0.313,PVDF,26.5,0.561,DOL/DME + 1M LiTFSI + 0.2M LiNO₃,40,0.1,500,1.497,974.2,99.0,99.7,0.02
氧化石墨烯(GO),碳基,1.95,359.0,5.0,0.853,PVDF,39.0,0.637,砜类(DIPAS) + 1M LiTFSI,25,5.0,1000,0.629,1001.0,99.0,95.88,0.02
ZnO,金属氧化物,1.858,34.0,47.2,0.126,Whatman GF/D,674.1,0.893,离子液体(PYR₁₄TFSI) + 0.5M LiTFSI,45,1.0,50,0.565,938.2,99.0,94.1,0.1042
SiO₂,其他,0.583,196.5,13.9,0.482,PET,22.5,0.586,DOL/DME + 2M LiTFSI,25,0.5,200,0.947,960.6,99.0,93.77,0.2716
SnS₂,金属硫化物,1.792,28.9,38.6,0.165,GF/A(玻璃纤维),263.1,0.816,TEGDME + 1M LiTFSI,35,1.0,1000,0.978,1025.6,94.6,95.97,0.066
氮掺杂碳,碳基,1.99,529.5,12.4,0.958,Celgard 3501(PP/PE/PP),40.9,0.401,离子液体(PYR₁₄TFSI) + 0.5M LiTFSI,55,0.5,200,0.694,1153.9,99.0,94.88,0.02
TiN,氮化物,1.137,78.0,20.2,0.207,PVDF-HFP,32.7,0.579,离子液体(PYR₁₄TFSI) + 0.5M LiTFSI,50,1.0,200,0.485,1078.7,99.0,94.73,0.117
Co₃O₄,金属氧化物,0.357,76.6,22.4,0.219,Celgard 3501(PP/PE/PP),31.7,0.53,DOL/DME + 0.5M LiTFSI,25,0.1,100,1.732,1055.8,98.7,92.97,0.3191
UiO-66,MOF/COF,0.411,1121.0,3.5,0.502,Celgard 3501(PP/PE/PP),34.1,0.481,DOL/DME + 1M LiTFSI + 0.5M LiNO₃,55,0.5,50,1.806,1471.7,99.0,96.25,0.0505
ZnO,金属氧化物,1.737,29.4,53.5,0.095,Whatman GF/D,664.1,0.824,DOL/DME + 2M LiTFSI,25,5.0,100,1.066,852.2,99.0,95.04,0.11
MIL-101(Cr),MOF/COF,2.133,3083.2,4.1,1.342,尼龙膜,20.0,0.617,TEGDME + 1M LiTFSI,35,1.0,1000,1.989,1326.2,99.0,96.63,0.02
碳纳米纤维(CNF),碳基,2.542,167.1,108.4,0.637,PAN,32.2,0.634,离子液体(PYR₁₄TFSI) + 0.5M LiTFSI,45,0.5,100,0.465,855.4,99.0,95.49,0.0671
UiO-66,MOF/COF,2.945,1271.5,2.2,0.574,纤维素膜,28.2,0.703,TEGDME + 1M LiTFSI,55,2.0,50,1.565,656.5,99.0,96.1,0.02
WO₃,金属氧化物,0.389,40.3,36.4,0.133,Celgard 2400(PP),23.2,0.369,DOL/DME + 0.5M LiTFSI,40,0.2,50,1.817,1003.0,99.0,91.64,0.286
石墨烯,碳基,1.659,420.9,6.8,0.827,Celgard 3501(PP/PE/PP),41.9,0.418,DOL/DME + 2M LiTFSI,30,3.0,200,0.974,1114.5,99.0,95.39,0.02
TiN,氮化物,1.703,67.8,29.0,0.173,Whatman GF/D,670.6,0.786,砜类(DIPAS) + 1M LiTFSI,60,0.5,100,0.931,1104.3,99.0,94.23,0.0695
ZIF-67,MOF/COF,0.601,1573.0,3.4,0.615,Celgard 3501(PP/PE/PP),39.7,0.502,DOL/DME + 0.5M LiTFSI,50,0.2,1000,2.573,1600.0,84.7,92.95,0.0393
MnO₂,金属氧化物,0.548,115.5,31.1,0.246,GF/A(玻璃纤维),258.4,0.839,DOL/DME + 1M LiTFSI + 0.1M LiNO₃,35,0.5,300,1.692,1065.2,94.2,96.69,0.1707
WS₂,金属硫化物,2.991,44.3,25.4,0.129,Celgard 2500(PE),27.8,0.565,DOL/DME + 1M LiTFSI + 0.5M LiNO₃,55,0.5,300,1.362,635.4,99.0,99.47,0.02
HKUST-1,MOF/COF,1.106,1855.6,6.0,0.612,Whatman GF/D,667.5,0.892,砜类(DIPAS) + 1M LiTFSI,25,0.5,100,1.041,1391.3,99.0,95.5,0.02
MoS₂,金属硫化物,2.532,58.0,24.9,0.156,PAN,23.6,0.641,DOL/DME + 1M LiTFSI,50,1.0,500,1.967,736.1,99.0,95.42,0.02
TiN,氮化物,0.148,72.7,16.2,0.222,PAN,25.3,0.639,TEGDME + 1M LiTFSI,25,0.5,500,0.754,936.7,83.7,91.18,0.3295
Al₂O₃,金属氧化物,2.932,117.2,16.2,0.338,Celgard 3501(PP/PE/PP),37.1,0.428,DOL/DME + 1M LiTFSI + 0.2M LiNO₃,25,0.2,1000,0.961,582.9,97.4,99.82,0.02
WO₃,金属氧化物,1.621,33.8,45.4,0.123,Whatman GF/D,668.6,0.844,DOL/DME + 2M LiTFSI,55,0.1,500,1.617,1190.7,99.0,94.6,0.1469
MWCNT,碳基,2.638,188.4,33.5,0.771,Whatman GF/D,670.6,0.822,DOL/DME + 0.5M LiTFSI,25,0.5,200,1.488,717.1,99.0,95.69,0.1095
TiN,氮化物,1.576,51.4,19.0,0.244,Celgard 2400(PP),23.2,0.454,DOL/DME + 0.5M LiTFSI,40,1.0,200,1.961,1085.2,99.0,94.58,0.0375
Co₃O₄,金属氧化物,1.184,89.5,27.0,0.224,Whatman GF/D,672.8,0.852,DOL/DME + 1M LiTFSI + 0.5M LiNO₃,45,0.5,300,1.888,1105.1,99.0,98.37,0.0612
V₂O₅,金属氧化物,1.886,24.9,24.9,0.206,纤维素膜,31.5,0.738,DOL/DME + 1M LiTFSI,25,1.0,200,1.346,860.4,99.0,96.17,0.047
Co₃O₄,金属氧化物,2.799,63.0,26.9,0.191,GF/A(玻璃纤维),261.3,0.805,TEGDME + 1M LiTFSI + 0.1M LiNO₃,55,1.0,100,0.84,578.3,99.0,99.45,0.02
SnS₂,金属硫化物,2.029,42.0,29.1,0.151,PET,13.1,0.541,DOL/DME + 0.5M LiTFSI,25,0.5,100,1.546,938.8,99.0,96.33,0.02
石墨烯,碳基,2.266,443.0,7.7,1.006,Whatman GF/D,675.8,0.909,DOL/DME + 0.5M LiTFSI,60,0.2,100,3.029,1190.4,99.0,94.7,0.0411
氧化石墨烯(GO),碳基,2.496,391.4,6.9,0.612,Celgard 2500(PE),24.5,0.59,TEGDME + 1M LiTFSI + 0.1M LiNO₃,25,2.0,500,0.659,810.8,99.0,99.9,0.02
Fe₂O₃,金属氧化物,1.791,41.6,29.4,0.199,PAN,15.1,0.682,离子液体(PYR₁₄TFSI) + 0.5M LiTFSI,60,5.0,800,0.665,894.8,97.1,95.69,0.1449
介孔碳(CMK-3),碳基,0.182,967.1,6.9,1.608,PI(聚酰亚胺),17.5,0.507,DOL/DME + 1M LiTFSI + 0.5M LiNO₃,35,1.0,100,1.225,1370.2,99.0,96.06,0.1226
介孔碳(CMK-3),碳基,0.724,952.1,13.0,0.992,Celgard 2500(PE),17.7,0.508,TEGDME + 1M LiTFSI,35,3.0,200,0.912,1256.9,99.0,92.99,0.0793
CeO₂,金属氧化物,2.953,53.5,12.6,0.216,Celgard 2500(PE),14.8,0.559,砜类(DIPAS) + 1M LiTFSI,25,0.5,200,0.41,512.6,99.0,94.96,0.02
介孔碳(CMK-3),碳基,1.06,801.6,13.8,1.133,Celgard 2400(PP),26.2,0.514,TEGDME + 1M LiTFSI,30,0.2,50,0.838,1434.7,99.0,94.44,0.0876
CeO₂,金属氧化物,0.487,68.4,20.7,0.25,PI(聚酰亚胺),27.8,0.52,TEGDME + 1M LiTFSI,40,0.5,300,0.719,1028.4,98.5,92.33,0.2925
TiN,氮化物,0.489,67.8,21.9,0.234,Whatman GF/D,669.7,0.761,TEGDME + 1M LiTFSI + 0.1M LiNO₃,40,5.0,50,1.003,851.1,99.0,98.35,0.1779
MnO₂,金属氧化物,2.689,58.6,19.7,0.307,Celgard 2400(PP),33.5,0.405,DOL/DME + 1M LiTFSI + 0.2M LiNO₃,55,1.0,200,1.592,597.5,99.0,98.97,0.02
CNT,碳基,1.457,287.0,41.6,0.663,PI(聚酰亚胺),22.0,0.501,DOL/DME + 1M LiTFSI + 0.1M LiNO₃,25,2.0,500,1.102,1130.3,99.0,98.86,0.02
NiS₂,金属硫化物,2.814,42.5,38.4,0.147,PVDF-HFP,31.4,0.639,DOL/DME + 0.5M LiTFSI,25,0.5,300,1.338,555.3,99.0,97.04,0.02
TiS₂,金属硫化物,0.934,35.0,26.8,0.132,Celgard 3501(PP/PE/PP),39.7,0.37,TEGDME + 1M LiTFSI + 0.1M LiNO₃,25,1.0,100,0.524,1068.2,99.0,98.16,0.02
碳黑(Super P),碳基,0.149,60.2,28.9,0.224,纤维素膜,37.9,0.714,TEGDME + 1M LiTFSI,60,3.0,200,1.291,984.0,92.7,90.43,0.3977
WS₂,金属硫化物,2.422,48.4,46.6,0.148,PVDF,27.5,0.599,TEGDME + 1M LiTFSI,25,0.2,500,0.548,765.9,99.0,95.18,0.02
CNT,碳基,2.159,281.2,36.5,0.641,尼龙膜,37.2,0.644,离子液体(PYR₁₄TFSI) + 0.5M LiTFSI,55,0.1,100,0.631,1249.8,99.0,94.89,0.038
Mo₂N,氮化物,1.163,49.1,30.6,0.178,Celgard 3501(PP/PE/PP),35.6,0.473,DOL/DME + 1M LiTFSI,45,0.5,200,1.803,1111.5,99.0,93.55,0.1029
VS₂,金属硫化物,0.361,54.1,34.7,0.157,纤维素膜,32.7,0.68,砜类(DIPAS) + 1M LiTFSI,55,0.2,100,0.934,1230.6,99.0,91.97,0.271
ZnO,金属氧化物,1.989,39.7,49.2,0.132,Celgard 2500(PE),19.6,0.472,砜类(DIPAS) + 1M LiTFSI,50,1.0,500,0.761,917.3,99.0,94.81,0.0578
La₂O₃,金属氧化物,2.017,26.9,61.5,0.086,PVDF-HFP,28.5,0.596,DOL/DME + 1M LiTFSI + 0.2M LiNO₃,40,1.0,100,1.473,850.2,99.0,99.9,0.02
La₂O₃,金属氧化物,2.892,32.3,57.4,0.116,PET,14.4,0.506,砜类(DIPAS) + 1M LiTFSI,60,5.0,300,0.837,483.3,99.0,95.64,0.02
Fe₂O₃,金属氧化物,1.147,46.0,40.4,0.154,PVDF,31.2,0.589,砜类(DIPAS) + 1M LiTFSI,40,5.0,200,0.778,942.8,99.0,94.48,0.1778
V₂O₅,金属氧化物,2.031,40.9,35.2,0.154,Whatman GF/D,662.0,0.915,DOL/DME + 2M LiTFSI,40,2.0,50,1.474,802.3,99.0,96.51,0.02
ZIF-67,MOF/COF,1.605,1717.9,4.4,0.684,Celgard 3501(PP/PE/PP),37.1,0.465,TEGDME + 1M LiTFSI,55,0.2,1000,2.036,1471.5,99.0,93.37,0.02
Co₃O₄,金属氧化物,1.882,58.2,29.1,0.296,PVDF-HFP,20.2,0.647,TEGDME + 1M LiTFSI,25,0.1,100,0.761,989.9,99.0,94.18,0.02
CeO₂,金属氧化物,0.266,66.2,18.1,0.216,Celgard 3501(PP/PE/PP),32.1,0.451,DOL/DME + 2M LiTFSI,25,0.2,500,0.867,1056.7,88.7,91.72,0.3307
碳纳米纤维(CNF),碳基,2.355,185.5,145.3,0.588,GF/A(玻璃纤维),262.7,0.845,DOL/DME + 2M LiTFSI,35,1.0,1000,1.013,918.5,88.5,94.52,0.1161
ZnO,金属氧化物,2.689,35.0,56.2,0.068,纤维素膜,45.0,0.643,DOL/DME + 1M LiTFSI + 0.2M LiNO₃,25,0.2,50,1.04,557.1,99.0,99.9,0.02
ZnO,金属氧化物,2.712,31.4,57.5,0.1,Celgard 2400(PP),28.5,0.494,DOL/DME + 1M LiTFSI + 0.1M LiNO₃,50,0.2,200,1.404,696.5,99.0,98.67,0.02
VN,氮化物,2.683,63.5,23.0,0.17,PI(聚酰亚胺),5.0,0.57,离子液体(PYR₁₄TFSI) + 0.5M LiTFSI,55,0.2,500,0.473,703.9,99.0,94.12,0.02
TiN,氮化物,0.33,71.7,25.3,0.232,Celgard 2400(PP),22.6,0.264,DOL/DME + 1M LiTFSI + 0.2M LiNO₃,35,1.0,200,1.198,965.2,97.2,97.49,0.1167
CNT,碳基,1.118,239.2,39.5,0.862,纤维素膜,34.2,0.735,TEGDME + 1M LiTFSI + 0.1M LiNO₃,30,2.0,200,0.755,1230.3,99.0,97.72,0.0469
氧化石墨烯(GO),碳基,1.247,405.4,4.2,0.577,GF/A(玻璃纤维),260.7,0.736,TEGDME + 1M LiTFSI + 0.1M LiNO₃,60,3.0,100,1.148,1259.4,99.0,98.81,0.02
多孔碳球,碳基,1.702,792.8,23.8,0.901,纤维素膜,34.1,0.666,TEGDME + 1M LiTFSI,60,1.0,800,1.644,1397.6,96.0,93.53,0.02
TiO₂,金属氧化物,2.577,64.5,29.7,0.197,PVDF,30.4,0.48,TEGDME + 1M LiTFSI,30,0.5,100,0.645,667.2,99.0,96.77,0.02
石墨烯,碳基,2.133,523.0,11.1,0.623,PET,14.7,0.448,DOL/DME + 1M LiTFSI + 0.2M LiNO₃,25,0.2,1000,1.173,1117.4,99.0,98.7,0.02
HKUST-1,MOF/COF,0.259,1751.1,5.8,0.575,纤维素膜,38.4,0.66,TEGDME + 1M LiTFSI,35,5.0,200,0.939,1222.0,97.2,93.72,0.1341
Al₂O₃,金属氧化物,2.362,112.0,13.2,0.291,PAN,28.2,0.692,DOL/DME + 0.5M LiTFSI,30,0.1,200,1.689,891.0,99.0,94.91,0.02
ZIF-8,MOF/COF,0.87,1439.2,3.3,0.52,PET,18.4,0.576,DOL/DME + 1M LiTFSI + 0.5M LiNO₃,60,0.5,800,2.208,1493.4,93.4,97.46,0.02
Fe₂O₃,金属氧化物,0.898,46.2,40.6,0.134,Celgard 3501(PP/PE/PP),35.9,0.423,DOL/DME + 1M LiTFSI + 0.1M LiNO₃,25,0.5,100,1.039,955.3,99.0,98.74,0.026
WS₂,金属硫化物,1.601,54.9,24.1,0.11,PAN,29.2,0.707,砜类(DIPAS) + 1M LiTFSI,30,1.0,50,0.602,1018.9,99.0,95.82,0.0395
CoS₂,金属硫化物,0.351,44.9,29.0,0.155,PAN,20.2,0.693,TEGDME + 1M LiTFSI + 0.1M LiNO₃,30,5.0,800,0.789,898.6,78.3,98.46,0.2235
碳黑(Super P),碳基,2.464,61.7,38.1,0.241,PI(聚酰亚胺),23.5,0.48,DOL/DME + 1M LiTFSI,25,5.0,100,1.068,629.3,99.0,94.24,0.1576
Co₃O₄,金属氧化物,1.87,77.8,33.0,0.195,PET,18.2,0.534,DOL/DME + 1M LiTFSI + 0.2M LiNO₃,40,5.0,800,1.365,870.1,99.0,99.9,0.02
NiS₂,金属硫化物,1.523,33.8,35.8,0.132,PAN,29.0,0.775,离子液体(PYR₁₄TFSI) + 0.5M LiTFSI,60,2.0,200,0.702,955.9,99.0,93.95,0.0782
碳黑(Super P),碳基,2.153,61.9,38.8,0.306,Celgard 2400(PP),25.4,0.45,DOL/DME + 2M LiTFSI,25,0.2,200,0.827,930.5,99.0,94.12,0.0766
Fe₂O₃,金属氧化物,2.494,41.0,48.0,0.124,PVDF-HFP,21.2,0.685,离子液体(PYR₁₄TFSI) + 0.5M LiTFSI,25,0.1,200,0.357,723.7,99.0,96.61,0.02
VN,氮化物,1.412,53.7,24.8,0.17,Whatman GF/D,660.8,0.93,DOL/DME + 2M LiTFSI,30,1.0,50,1.141,1039.4,99.0,96.14,0.1323
多孔碳球,碳基,1.068,844.3,17.7,1.285,PAN,31.2,0.687,DOL/DME + 1M LiTFSI,45,1.0,300,2.31,1403.0,99.0,93.98,0.1684
SiO₂,其他,1.315,244.9,16.2,0.478,纤维素膜,37.7,0.548,DOL/DME + 1M LiTFSI,40,0.1,100,1.761,1142.6,99.0,93.59,0.1722
SiO₂,其他,0.387,218.0,18.3,0.594,Celgard 2400(PP),31.7,0.431,DOL/DME + 2M LiTFSI,25,0.5,1000,0.893,987.5,83.3,92.79,0.2864
COF-LZU1,MOF/COF,0.892,497.0,13.0,0.331,Celgard 3501(PP/PE/PP),41.1,0.434,DOL/DME + 1M LiTFSI + 0.2M LiNO₃,55,1.0,100,1.826,1242.7,99.0,98.21,0.02
PDA(聚多巴胺),聚合物,1.963,24.3,52.0,0.076,Whatman GF/D,676.7,0.796,DOL/DME + 1M LiTFSI + 0.5M LiNO₃,40,1.0,500,1.325,718.0,99.0,99.9,0.02
WS₂,金属硫化物,2.002,40.8,30.0,0.153,GF/A(玻璃纤维),263.3,0.763,DOL/DME + 1M LiTFSI + 0.1M LiNO₃,50,2.0,1000,1.86,956.5,99.0,99.9,0.02
ZIF-8,MOF/COF,0.661,1403.9,6.5,0.53,Celgard 3501(PP/PE/PP),41.5,0.395,TEGDME + 1M LiTFSI,45,0.2,200,1.06,1532.7,99.0,94.49,0.0967
rGO,碳基,1.189,302.3,6.4,0.901,尼龙膜,26.4,0.64,TEGDME + 1M LiTFSI + 0.1M LiNO₃,25,3.0,100,0.758,1148.3,99.0,99.33,0.02
ZnO,金属氧化物,0.829,35.8,55.5,0.099,PAN,17.5,0.73,砜类(DIPAS) + 1M LiTFSI,30,1.0,300,0.584,979.2,99.0,94.08,0.2712
rGO,碳基,1.419,323.2,4.1,0.895,PET,19.8,0.482,DOL/DME + 1M LiTFSI,50,1.0,500,2.256,1274.6,99.0,93.59,0.0678
石墨烯,碳基,0.067,530.2,6.1,0.713,PVDF,24.2,0.585,离子液体(PYR₁₄TFSI) + 0.5M LiTFSI,35,0.2,300,0.485,1301.5,93.7,92.77,0.3733
NiS₂,金属硫化物,1.202,41.0,30.8,0.159,PVDF-HFP,33.8,0.662,离子液体(PYR₁₄TFSI) + 0.5M LiTFSI,25,1.0,500,0.356,948.6,95.8,95.77,0.1702
V₂O₅,金属氧化物,1.966,43.8,41.2,0.137,PVDF-HFP,28.6,0.748,DOL/DME + 1M LiTFSI + 0.1M LiNO₃,45,0.5,100,1.65,908.7,99.0,99.9,0.02
石墨烯,碳基,2.256,404.0,10.0,0.682,PAN,33.2,0.691,DOL/DME + 1M LiTFSI + 0.2M LiNO₃,50,0.5,200,1.723,1046.5,99.0,97.49,0.02
rGO,碳基,0.867,344.5,6.9,0.577,PVDF-HFP,33.6,0.61,DOL/DME + 1M LiTFSI,30,0.5,500,1.515,1282.6,97.8,93.88,0.1742
VN,氮化物,2.41,51.4,21.8,0.203,GF/A(玻璃纤维),268.0,0.829,TEGDME + 1M LiTFSI,35,0.5,500,0.88,692.8,99.0,96.69,0.02
多孔碳球,碳基,0.26,710.4,17.2,0.815,GF/A(玻璃纤维),258.8,0.715,DOL/DME + 1M LiTFSI + 0.1M LiNO₃,50,5.0,500,1.893,1121.2,92.4,95.58,0.1307
PDA(聚多巴胺),聚合物,2.7,28.1,78.0,0.079,尼龙膜,18.9,0.585,TEGDME + 1M LiTFSI + 0.1M LiNO₃,50,0.2,500,0.911,547.3,99.0,99.9,0.02
MWCNT,碳基,1.402,219.8,59.8,0.76,PET,21.4,0.479,DOL/DME + 1M LiTFSI + 0.1M LiNO₃,45,1.0,50,1.769,1253.7,99.0,99.9,0.02
WO₃,金属氧化物,1.991,39.1,30.3,0.137,PAN,18.5,0.722,DOL/DME + 1M LiTFSI + 0.2M LiNO₃,50,0.1,50,1.364,1036.7,99.0,99.25,0.02
MoS₂,金属硫化物,2.8,48.4,29.8,0.186,PVDF,28.9,0.471,DOL/DME + 2M LiTFSI,40,0.5,500,0.946,520.0,99.0,95.46,0.02
Mo₂N,氮化物,2.202,36.9,32.7,0.163,GF/A(玻璃纤维),251.7,0.926,DOL/DME + 1M LiTFSI,30,3.0,100,1.645,749.8,99.0,95.68,0.02
WO₃,金属氧化物,1.484,32.9,27.7,0.136,Celgard 2400(PP),24.1,0.298,DOL/DME + 0.5M LiTFSI,55,1.0,100,1.777,1036.4,99.0,94.39,0.0508
MnO₂,金属氧化物,2.301,86.6,27.6,0.276,Celgard 2500(PE),19.4,0.627,TEGDME + 1M LiTFSI,35,1.0,200,0.791,803.2,99.0,96.62,0.02
碳黑(Super P),碳基,2.331,63.0,43.9,0.203,Whatman GF/D,672.3,0.855,DOL/DME + 1M LiTFSI,25,0.1,1000,1.302,950.1,90.7,93.81,0.207
石墨烯,碳基,1.598,387.7,9.2,0.825,PVDF-HFP,27.7,0.655,DOL/DME + 1M LiTFSI + 0.2M LiNO₃,25,1.0,50,1.361,1112.8,99.0,99.9,0.02
CoS₂,金属硫化物,1.084,43.5,33.9,0.194,PVDF,27.6,0.497,DOL/DME + 1M LiTFSI + 0.5M LiNO₃,25,3.0,100,1.006,947.5,99.0,99.04,0.02
SiO₂,其他,2.789,207.8,11.6,0.557,PET,5.0,0.491,DOL/DME + 1M LiTFSI + 0.1M LiNO₃,60,2.0,1000,1.54,506.7,95.9,98.15,0.02
氧化石墨烯(GO),碳基,0.07,402.9,3.9,0.521,GF/A(玻璃纤维),252.2,0.786,DOL/DME + 1M LiTFSI,45,0.1,300,2.08,1221.7,89.8,90.93,0.2962
HKUST-1,MOF/COF,2.218,1481.5,6.3,0.513,PAN,21.7,0.632,TEGDME + 1M LiTFSI,35,1.0,800,1.509,957.2,99.0,96.18,0.02
氧化石墨烯(GO),碳基,1.593,353.3,6.7,0.77,Celgard 3501(PP/PE/PP),35.5,0.441,TEGDME + 1M LiTFSI + 0.1M LiNO₃,35,3.0,200,0.778,1064.5,99.0,99.9,0.02
SnS₂,金属硫化物,1.993,33.4,38.6,0.135,Whatman GF/D,663.8,0.867,DOL/DME + 1M LiTFSI + 0.2M LiNO₃,40,3.0,800,1.587,830.1,99.0,99.38,0.02
MXene(Ti₃C₂),其他,0.457,101.8,10.6,0.289,Celgard 2400(PP),25.7,0.417,DOL/DME + 1M LiTFSI,25,0.1,300,1.174,938.5,88.7,92.37,0.2562
Al₂O₃,金属氧化物,0.863,112.0,20.9,0.446,PAN,14.8,0.691,DOL/DME + 1M LiTFSI,40,0.5,100,1.848,1127.6,99.0,93.15,0.2365
ZnO,金属氧化物,2.332,35.3,48.2,0.098,PI(聚酰亚胺),23.4,0.57,DOL/DME + 1M LiTFSI + 0.2M LiNO₃,50,1.0,50,1.55,831.7,99.0,99.9,0.02
氮掺杂碳,碳基,0.513,426.0,14.1,0.921,PVDF,35.1,0.601,DOL/DME + 0.5M LiTFSI,55,1.0,100,2.37,1344.7,99.0,91.29,0.2835
ZIF-8,MOF/COF,2.048,1695.2,4.5,0.621,Celgard 2500(PE),26.4,0.558,DOL/DME + 1M LiTFSI + 0.1M LiNO₃,60,0.5,500,3.547,1109.6,99.0,99.9,0.02
氮掺杂碳,碳基,0.685,486.9,18.0,0.973,尼龙膜,29.2,0.567,DOL/DME + 1M LiTFSI + 0.5M LiNO₃,25,2.0,100,1.191,1290.2,99.0,99.07,0.0517
氮掺杂碳,碳基,0.126,554.2,18.2,0.802,GF/A(玻璃纤维),261.8,0.735,离子液体(PYR₁₄TFSI) + 0.5M LiTFSI,30,1.0,800,0.469,1115.7,79.9,93.46,0.3048
BN,氮化物,1.055,27.9,40.5,0.099,纤维素膜,34.7,0.626,离子液体(PYR₁₄TFSI) + 0.5M LiTFSI,25,2.0,1000,0.353,956.3,83.3,94.23,0.222
PANI(聚苯胺),聚合物,1.786,36.5,78.8,0.089,纤维素膜,36.7,0.629,离子液体(PYR₁₄TFSI) + 0.5M LiTFSI,45,1.0,500,0.56,787.1,99.0,94.59,0.0423
多孔碳球,碳基,0.308,758.5,18.0,0.934,PVDF,25.1,0.661,TEGDME + 1M LiTFSI,30,0.5,100,0.755,1411.4,99.0,91.28,0.2674
碳黑(Super P),碳基,0.504,59.9,34.4,0.207,PVDF-HFP,19.2,0.631,DOL/DME + 2M LiTFSI,30,0.2,500,1.03,1142.6,89.8,91.35,0.2891
氧化石墨烯(GO),碳基,1.962,390.1,5.4,0.715,Celgard 3501(PP/PE/PP),29.4,0.473,DOL/DME + 1M LiTFSI + 0.2M LiNO₃,40,3.0,200,1.757,1012.2,99.0,99.9,0.02
La₂O₃,金属氧化物,2.316,18.9,32.3,0.123,Celgard 3501(PP/PE/PP),40.5,0.561,TEGDME + 1M LiTFSI,45,0.5,500,0.875,808.0,99.0,94.55,0.02
ZIF-8,MOF/COF,2.603,1445.6,5.9,0.738,Celgard 2500(PE),33.4,0.631,离子液体(PYR₁₄TFSI) + 0.5M LiTFSI,40,0.5,300,0.774,923.0,99.0,97.24,0.02
MoS₂,金属硫化物,0.436,63.0,26.6,0.172,PVDF-HFP,17.4,0.64,TEGDME + 1M LiTFSI + 0.1M LiNO₃,60,2.0,1000,1.162,1035.6,77.7,96.55,0.162
ZnO,金属氧化物,0.565,39.5,37.5,0.123,Whatman GF/D,674.7,0.851,DOL/DME + 1M LiTFSI + 0.5M LiNO₃,60,0.5,100,2.419,1110.5,98.3,97.13,0.213
MXene(Ti₃C₂),其他,0.958,98.9,12.2,0.231,PET,20.5,0.488,砜类(DIPAS) + 1M LiTFSI,35,0.5,200,0.62,1054.1,99.0,95.0,0.1004
WO₃,金属氧化物,2.503,39.2,36.1,0.126,PI(聚酰亚胺),15.6,0.594,DOL/DME + 1M LiTFSI,25,0.5,100,1.228,631.3,99.0,95.78,0.02
TpPa-COF,MOF/COF,1.719,503.5,6.0,0.271,GF/A(玻璃纤维),264.4,0.722,DOL/DME + 1M LiTFSI + 0.5M LiNO₃,55,1.0,500,2.315,1077.1,99.0,99.22,0.02
石墨烯,碳基,1.769,394.7,9.6,0.746,Celgard 3501(PP/PE/PP),26.8,0.51,DOL/DME + 1M LiTFSI + 0.5M LiNO₃,25,0.1,100,1.195,1329.3,99.0,99.54,0.02
碳纳米纤维(CNF),碳基,1.307,192.2,146.3,0.488,PI(聚酰亚胺),25.2,0.622,DOL/DME + 1M LiTFSI + 0.5M LiNO₃,25,1.0,200,1.093,1217.9,99.0,97.61,0.0229
氮掺杂碳,碳基,1.973,446.2,14.9,0.89,纤维素膜,34.2,0.682,DOL/DME + 1M LiTFSI + 0.5M LiNO₃,25,0.5,200,1.278,1179.3,99.0,99.9,0.02
MnO₂,金属氧化物,1.425,92.2,24.5,0.174,GF/A(玻璃纤维),264.0,0.781,DOL/DME + 2M LiTFSI,55,0.5,300,1.632,1164.8,99.0,95.22,0.0884
CeO₂,金属氧化物,1.674,60.1,21.8,0.145,GF/A(玻璃纤维),264.7,0.793,TEGDME + 1M LiTFSI + 0.1M LiNO₃,25,0.5,100,0.788,858.0,99.0,98.93,0.02
VN,氮化物,1.192,50.7,34.8,0.166,Celgard 3501(PP/PE/PP),35.9,0.47,TEGDME + 1M LiTFSI + 0.1M LiNO₃,55,3.0,1000,0.97,1041.3,85.0,97.73,0.02
VS₂,金属硫化物,1.879,43.5,31.9,0.157,PVDF,28.0,0.557,DOL/DME + 1M LiTFSI,30,5.0,800,1.229,771.2,99.0,96.1,0.02
ZnO,金属氧化物,0.288,40.4,53.2,0.119,PVDF,25.8,0.655,TEGDME + 1M LiTFSI,25,3.0,200,0.738,871.8,91.7,91.87,0.2838
CoS₂,金属硫化物,1.435,47.4,27.1,0.115,PET,23.8,0.518,TEGDME + 1M LiTFSI + 0.1M LiNO₃,35,0.2,200,0.655,1111.5,99.0,99.9,0.02
BN,氮化物,1.351,27.1,41.8,0.089,Whatman GF/D,670.0,0.728,离子液体(PYR₁₄TFSI) + 0.5M LiTFSI,35,1.0,500,0.424,946.7,99.0,95.18,0.2249
介孔碳(CMK-3),碳基,2.374,1009.3,10.8,0.909,PVDF-HFP,31.7,0.672,DOL/DME + 2M LiTFSI,25,0.5,300,1.181,854.4,99.0,96.18,0.02
rGO,碳基,0.233,343.8,5.1,0.899,PVDF,30.9,0.627,DOL/DME + 1M LiTFSI + 0.2M LiNO₃,55,1.0,500,1.862,1373.3,90.2,95.8,0.2107
石墨烯,碳基,0.424,422.4,6.3,0.759,Whatman GF/D,663.6,0.899,砜类(DIPAS) + 1M LiTFSI,25,5.0,800,0.543,1055.5,81.6,92.6,0.3497
MoS₂,金属硫化物,0.116,55.4,27.5,0.145,Whatman GF/D,669.8,0.857,DOL/DME + 1M LiTFSI,25,0.2,1000,1.398,926.6,82.0,91.31,0.3499
ZIF-67,MOF/COF,0.76,1604.7,4.0,0.647,Celgard 3501(PP/PE/PP),28.1,0.466,DOL/DME + 2M LiTFSI,45,1.0,300,1.585,1445.0,99.0,94.21,0.02
MnO₂,金属氧化物,2.606,86.9,27.8,0.241,Whatman GF/D,664.7,0.739,DOL/DME + 1M LiTFSI + 0.5M LiNO₃,45,0.5,300,1.53,692.4,99.0,99.46,0.02
rGO,碳基,2.645,322.5,4.6,0.757,PI(聚酰亚胺),30.3,0.458,TEGDME + 1M LiTFSI + 0.1M LiNO₃,25,1.0,50,0.543,687.1,99.0,99.4,0.02
石墨烯,碳基,1.097,434.9,10.3,0.962,PET,12.6,0.569,DOL/DME + 1M LiTFSI + 0.2M LiNO₃,60,1.0,50,2.178,1376.9,99.0,98.92,0.02
Co₃O₄,金属氧化物,0.069,53.4,27.8,0.241,纤维素膜,35.6,0.674,离子液体(PYR₁₄TFSI) + 0.5M LiTFSI,50,0.2,100,0.52,978.1,98.7,91.14,0.3554
MoS₂,金属硫化物,2.592,62.0,25.9,0.214,纤维素膜,37.0,0.758,DOL/DME + 1M LiTFSI,25,2.0,50,1.224,590.2,99.0,96.6,0.02
Al₂O₃,金属氧化物,1.789,128.4,16.8,0.389,纤维素膜,39.7,0.667,TEGDME + 1M LiTFSI + 0.1M LiNO₃,55,0.5,500,1.089,1116.2,99.0,99.9,0.02
MoS₂,金属硫化物,2.991,47.7,30.0,0.189,Celgard 2500(PE),23.9,0.509,DOL/DME + 1M LiTFSI + 0.5M LiNO₃,60,0.5,500,1.33,542.1,99.0,99.9,0.02
Mo₂N,氮化物,2.421,46.8,23.9,0.181,PI(聚酰亚胺),18.6,0.541,DOL/DME + 0.5M LiTFSI,30,1.0,50,1.546,791.2,99.0,95.5,0.02
rGO,碳基,0.974,302.7,8.0,0.781,GF/A(玻璃纤维),258.9,0.824,TEGDME + 1M LiTFSI + 0.1M LiNO₃,45,0.2,500,1.139,1451.4,93.3,97.71,0.0824
UiO-66,MOF/COF,2.447,1216.4,2.5,0.791,PAN,17.4,0.665,DOL/DME + 0.5M LiTFSI,40,1.0,100,3.214,949.7,99.0,96.26,0.02
MoS₂,金属硫化物,0.953,54.9,24.3,0.187,尼龙膜,22.2,0.6,DOL/DME + 1M LiTFSI + 0.2M LiNO₃,40,5.0,500,1.551,999.8,94.7,99.34,0.0938
碳纳米纤维(CNF),碳基,0.548,181.3,116.4,0.648,GF/A(玻璃纤维),259.6,0.744,DOL/DME + 1M LiTFSI + 0.2M LiNO₃,60,0.5,50,2.041,1364.7,97.1,98.19,0.1919
CeO₂,金属氧化物,2.143,74.1,21.8,0.226,PVDF-HFP,26.4,0.621,DOL/DME + 1M LiTFSI + 0.2M LiNO₃,25,0.5,100,1.118,881.4,99.0,99.58,0.02
Mo₂N,氮化物,2.338,41.9,26.3,0.161,纤维素膜,33.7,0.677,DOL/DME + 1M LiTFSI + 0.1M LiNO₃,55,0.2,100,1.85,932.7,99.0,99.9,0.02
rGO,碳基,1.448,372.3,5.8,0.514,PET,28.7,0.562,TEGDME + 1M LiTFSI + 0.1M LiNO₃,35,0.2,1000,0.843,1247.6,94.0,99.17,0.02
SnS₂,金属硫化物,2.545,43.3,23.2,0.152,Celgard 2400(PP),24.7,0.416,DOL/DME + 2M LiTFSI,40,0.5,300,0.886,739.6,99.0,96.34,0.02
WS₂,金属硫化物,0.401,28.9,31.1,0.17,Celgard 2400(PP),17.6,0.381,DOL/DME + 1M LiTFSI,30,0.5,100,1.262,1025.8,98.7,92.26,0.2957
CeO₂,金属氧化物,2.638,70.3,22.0,0.201,PI(聚酰亚胺),17.5,0.582,离子液体(PYR₁₄TFSI) + 0.5M LiTFSI,40,0.5,1000,0.372,654.2,99.0,95.03,0.02
CNT,碳基,0.743,247.4,42.2,0.63,Whatman GF/D,666.1,0.862,离子液体(PYR₁₄TFSI) + 0.5M LiTFSI,45,0.2,300,0.562,1390.1,99.0,92.38,0.3028
WS₂,金属硫化物,0.978,47.5,32.8,0.145,尼龙膜,27.2,0.572,DOL/DME + 1M LiTFSI,25,0.2,100,1.148,1155.2,99.0,93.13,0.1755
PANI(聚苯胺),聚合物,2.586,36.2,76.1,0.12,GF/A(玻璃纤维),258.4,0.792,TEGDME + 1M LiTFSI,45,0.2,200,0.985,589.7,99.0,96.45,0.0678
介孔碳(CMK-3),碳基,2.498,874.2,16.2,1.19,Celgard 2400(PP),26.7,0.476,TEGDME + 1M LiTFSI,40,0.1,500,1.008,1129.7,99.0,95.13,0.02
HKUST-1,MOF/COF,1.176,1619.6,7.4,0.593,PI(聚酰亚胺),22.4,0.609,TEGDME + 1M LiTFSI + 0.1M LiNO₃,45,2.0,50,1.46,1474.5,99.0,98.93,0.02
HKUST-1,MOF/COF,1.177,1666.6,5.6,0.636,PVDF,24.9,0.659,TEGDME + 1M LiTFSI,55,5.0,50,2.052,1311.9,99.0,92.06,0.02
Fe₂O₃,金属氧化物,1.266,45.8,34.1,0.16,纤维素膜,38.5,0.645,DOL/DME + 2M LiTFSI,55,1.0,500,1.475,1075.4,94.4,94.08,0.1316
Al₂O₃,金属氧化物,0.958,124.8,26.6,0.357,Whatman GF/D,675.0,0.78,DOL/DME + 0.5M LiTFSI,30,0.5,100,2.022,1094.0,99.0,95.73,0.2289
La₂O₃,金属氧化物,0.976,19.6,55.0,0.129,Whatman GF/D,669.4,0.886,砜类(DIPAS) + 1M LiTFSI,35,0.2,100,0.66,1110.3,99.0,93.09,0.1903
多孔碳球,碳基,2.553,821.6,17.8,1.126,Celgard 3501(PP/PE/PP),37.9,0.489,DOL/DME + 1M LiTFSI,40,0.1,50,1.994,1095.0,99.0,97.01,0.02
V₂O₅,金属氧化物,0.696,41.4,28.5,0.139,PI(聚酰亚胺),19.9,0.508,砜类(DIPAS) + 1M LiTFSI,30,3.0,100,0.546,879.4,97.4,93.64,0.246
WS₂,金属硫化物,2.017,25.5,32.5,0.111,PET,12.1,0.45,DOL/DME + 1M LiTFSI + 0.1M LiNO₃,25,0.5,200,0.998,929.2,99.0,99.9,0.02
PDA(聚多巴胺),聚合物,2.813,22.7,103.9,0.084,Celgard 3501(PP/PE/PP),40.4,0.399,DOL/DME + 1M LiTFSI + 0.1M LiNO₃,25,0.5,200,0.865,446.2,99.0,99.9,0.02
介孔碳(CMK-3),碳基,1.629,862.4,13.2,1.478,PI(聚酰亚胺),10.6,0.571,TEGDME + 1M LiTFSI,25,1.0,500,0.994,1358.6,99.0,93.42,0.02
MWCNT,碳基,0.408,215.6,28.0,0.846,尼龙膜,31.5,0.6,DOL/DME + 1M LiTFSI,40,2.0,200,1.548,1104.6,96.7,92.99,0.2785
介孔碳(CMK-3),碳基,1.827,1186.4,9.3,1.399,Celgard 3501(PP/PE/PP),24.6,0.478,砜类(DIPAS) + 1M LiTFSI,50,0.5,1000,1.05,1599.8,94.8,93.16,0.02
WO₃,金属氧化物,2.686,29.8,26.9,0.145,Celgard 2500(PE),27.6,0.529,DOL/DME + 2M LiTFSI,60,1.0,1000,1.399,627.3,95.5,94.7,0.02
VS₂,金属硫化物,0.58,47.7,18.1,0.196,PVDF-HFP,27.3,0.636,DOL/DME + 0.5M LiTFSI,60,5.0,1000,3.142,1089.3,80.7,92.52,0.2386
氧化石墨烯(GO),碳基,0.206,377.2,4.4,0.65,Celgard 2500(PE),28.5,0.524,砜类(DIPAS) + 1M LiTFSI,25,0.2,100,0.515,1281.0,95.0,93.2,0.2408
VN,氮化物,1.243,59.2,38.7,0.184,PVDF-HFP,18.9,0.673,离子液体(PYR₁₄TFSI) + 0.5M LiTFSI,25,3.0,500,0.422,911.7,98.8,94.61,0.0983
氧化石墨烯(GO),碳基,1.665,341.7,4.3,0.6,Celgard 2500(PE),25.2,0.568,砜类(DIPAS) + 1M LiTFSI,25,0.5,300,0.601,1229.4,99.0,95.23,0.02
SnS₂,金属硫化物,1.635,40.9,31.5,0.112,纤维素膜,29.3,0.676,TEGDME + 1M LiTFSI,45,1.0,100,1.109,973.2,99.0,94.85,0.1129
碳黑(Super P),碳基,2.987,54.7,37.4,0.294,尼龙膜,24.0,0.64,TEGDME + 1M LiTFSI,60,2.0,1000,1.081,593.0,86.3,93.4,0.1297
g-C₃N₄,氮化物,0.406,78.4,7.6,0.361,PAN,16.6,0.728,DOL/DME + 0.5M LiTFSI,35,0.2,1000,1.859,1074.4,73.6,92.01,0.2908
PANI(聚苯胺),聚合物,1.049,28.5,71.6,0.146,Celgard 2500(PE),31.6,0.573,DOL/DME + 0.5M LiTFSI,55,1.0,100,2.661,879.8,99.0,92.27,0.2477
SnS₂,金属硫化物,0.935,31.9,37.3,0.107,尼龙膜,16.6,0.626,DOL/DME + 1M LiTFSI + 0.5M LiNO₃,60,0.5,500,1.664,1212.6,91.2,97.35,0.0741
rGO,碳基,1.568,336.8,7.4,0.845,PET,7.2,0.478,DOL/DME + 1M LiTFSI + 0.2M LiNO₃,30,0.2,300,1.484,1364.4,99.0,99.73,0.02
碳黑(Super P),碳基,0.234,59.6,47.5,0.253,PAN,9.3,0.722,TEGDME + 1M LiTFSI,25,0.5,200,0.799,1042.3,91.2,90.59,0.351
MWCNT,碳基,0.802,234.1,36.3,0.546,尼龙膜,25.3,0.626,离子液体(PYR₁₄TFSI) + 0.5M LiTFSI,35,0.1,800,0.491,1346.7,81.7,92.85,0.2619
氮掺杂碳,碳基,0.38,535.5,20.9,0.909,Celgard 2500(PE),16.7,0.553,DOL/DME + 1M LiTFSI,35,1.0,500,1.588,1244.3,90.4,92.53,0.2569
V₂O₅,金属氧化物,0.873,40.7,30.6,0.161,PAN,7.7,0.657,砜类(DIPAS) + 1M LiTFSI,25,0.5,500,0.503,1065.0,90.3,93.76,0.2201
CNT,碳基,2.259,270.0,32.7,0.741,Celgard 2500(PE),24.3,0.534,DOL/DME + 1M LiTFSI + 0.5M LiNO₃,60,2.0,100,1.626,904.2,99.0,98.35,0.02
Al₂O₃,金属氧化物,2.356,141.8,19.7,0.253,Whatman GF/D,674.5,0.821,砜类(DIPAS) + 1M LiTFSI,25,0.1,1000,0.612,839.4,99.0,95.59,0.0472
La₂O₃,金属氧化物,2.624,23.9,37.6,0.103,Celgard 2500(PE),27.9,0.501,DOL/DME + 2M LiTFSI,55,5.0,800,1.192,603.7,99.0,95.06,0.02
多孔碳球,碳基,0.837,731.7,18.3,1.168,GF/A(玻璃纤维),257.0,0.804,TEGDME + 1M LiTFSI + 0.1M LiNO₃,25,3.0,1000,0.947,1227.8,87.6,98.04,0.02
CNT,碳基,2.96,242.7,24.3,0.858,Celgard 2500(PE),27.9,0.464,TEGDME + 1M LiTFSI + 0.1M LiNO₃,25,0.5,300,0.523,622.2,99.0,99.9,0.02
氧化石墨烯(GO),碳基,0.754,364.8,3.6,0.598,PI(聚酰亚胺),23.5,0.485,DOL/DME + 0.5M LiTFSI,30,1.0,100,1.543,1172.2,99.0,93.45,0.152
氮掺杂碳,碳基,2.344,484.6,15.3,1.088,Whatman GF/D,664.8,0.83,砜类(DIPAS) + 1M LiTFSI,55,0.2,800,1.054,1092.6,99.0,95.32,0.02
CeO₂,金属氧化物,2.594,73.6,27.0,0.132,GF/A(玻璃纤维),255.4,0.891,DOL/DME + 2M LiTFSI,25,0.2,500,0.826,697.3,99.0,95.83,0.0549
NiS₂,金属硫化物,0.201,39.7,23.9,0.12,Celgard 2500(PE),22.2,0.448,DOL/DME + 1M LiTFSI + 0.2M LiNO₃,25,2.0,500,1.024,870.8,82.7,96.61,0.1646
NiS₂,金属硫化物,2.704,34.8,49.2,0.14,PAN,19.2,0.661,DOL/DME + 1M LiTFSI + 0.1M LiNO₃,25,0.5,500,1.154,603.6,99.0,99.83,0.02
ZnO,金属氧化物,0.7,35.9,41.1,0.176,Whatman GF/D,662.7,0.789,DOL/DME + 1M LiTFSI + 0.1M LiNO₃,35,1.0,200,1.669,1022.7,96.7,96.66,0.191
NiS₂,金属硫化物,0.45,36.3,25.0,0.143,尼龙膜,27.9,0.646,DOL/DME + 2M LiTFSI,25,2.0,300,0.99,875.5,99.0,93.3,0.2826
CNT,碳基,2.517,291.9,44.2,0.79,尼龙膜,20.6,0.593,DOL/DME + 1M LiTFSI,25,0.2,100,1.28,885.0,99.0,95.26,0.0321
V₂O₅,金属氧化物,0.862,44.0,33.9,0.164,PAN,20.7,0.729,离子液体(PYR₁₄TFSI) + 0.5M LiTFSI,60,0.5,1000,0.724,1089.1,83.2,92.44,0.2193
La₂O₃,金属氧化物,2.95,29.0,54.8,0.1,PVDF,38.6,0.546,DOL/DME + 0.5M LiTFSI,55,5.0,500,2.173,488.7,99.0,94.94,0.0394
TiO₂,金属氧化物,2.272,60.8,27.0,0.169,纤维素膜,28.8,0.673,离子液体(PYR₁₄TFSI) + 0.5M LiTFSI,40,0.5,200,0.498,768.4,99.0,94.67,0.02
CNT,碳基,1.896,297.4,38.6,0.631,Celgard 3501(PP/PE/PP),38.1,0.407,DOL/DME + 1M LiTFSI,25,2.0,800,1.2,954.3,99.0,96.66,0.0505
ZIF-67,MOF/COF,2.512,1551.6,4.6,0.554,尼龙膜,30.3,0.56,DOL/DME + 1M LiTFSI + 0.1M LiNO₃,45,5.0,500,2.491,827.8,99.0,99.9,0.02
Co₃O₄,金属氧化物,0.797,71.5,33.1,0.254,PET,15.7,0.544,DOL/DME + 1M LiTFSI,35,0.2,1000,1.502,1116.0,88.8,93.83,0.1944
碳黑(Super P),碳基,1.86,63.1,28.0,0.213,Celgard 2500(PE),27.9,0.416,砜类(DIPAS) + 1M LiTFSI,25,0.5,200,0.539,1090.0,99.0,93.09,0.1531
石墨烯,碳基,2.775,398.1,9.7,0.913,PVDF,40.4,0.659,DOL/DME + 1M LiTFSI + 0.5M LiNO₃,45,1.0,300,1.636,695.2,99.0,98.93,0.02
ZnO,金属氧化物,0.591,34.9,47.9,0.101,Celgard 2400(PP),28.6,0.365,TEGDME + 1M LiTFSI,35,0.2,200,0.679,1018.5,99.0,91.4,0.2169
ZIF-8,MOF/COF,2.824,1442.5,7.3,0.614,尼龙膜,28.1,0.553,离子液体(PYR₁₄TFSI) + 0.5M LiTFSI,60,0.5,100,0.802,721.8,99.0,95.96,0.02
介孔碳(CMK-3),碳基,0.674,1013.9,9.0,1.644,纤维素膜,35.1,0.65,砜类(DIPAS) + 1M LiTFSI,25,3.0,800,0.641,1326.6,86.8,92.12,0.1173
Co₃O₄,金属氧化物,2.959,64.9,32.7,0.227,Celgard 3501(PP/PE/PP),30.1,0.45,DOL/DME + 2M LiTFSI,35,3.0,1000,0.924,505.4,99.0,95.78,0.02
NiS₂,金属硫化物,1.768,45.2,37.5,0.116,PI(聚酰亚胺),12.0,0.501,TEGDME + 1M LiTFSI + 0.1M LiNO₃,25,3.0,100,0.636,841.8,99.0,99.7,0.02
Co₃O₄,金属氧化物,0.617,78.5,35.0,0.231,纤维素膜,35.7,0.631,砜类(DIPAS) + 1M LiTFSI,25,0.2,1000,0.634,1116.8,83.1,92.1,0.2408
TiO₂,金属氧化物,2.498,41.1,22.3,0.19,尼龙膜,29.2,0.586,TEGDME + 1M LiTFSI,25,0.5,1000,0.481,614.9,89.1,96.56,0.02
MIL-101(Cr),MOF/COF,2.17,3144.0,6.1,1.366,PAN,15.1,0.714,离子液体(PYR₁₄TFSI) + 0.5M LiTFSI,40,0.5,300,1.141,1515.3,99.0,96.88,0.02
CeO₂,金属氧化物,2.793,55.1,17.4,0.192,PET,17.4,0.558,DOL/DME + 1M LiTFSI + 0.1M LiNO₃,25,0.2,1000,1.007,578.4,90.9,99.2,0.02
La₂O₃,金属氧化物,2.899,26.7,43.4,0.112,Celgard 3501(PP/PE/PP),30.2,0.485,DOL/DME + 1M LiTFSI + 0.1M LiNO₃,25,2.0,100,1.033,467.1,99.0,99.9,0.02
MXene(Ti₃C₂),其他,1.924,92.9,11.3,0.314,尼龙膜,22.0,0.567,DOL/DME + 1M LiTFSI + 0.2M LiNO₃,25,0.5,100,1.01,863.5,99.0,99.9,0.02
CNT,碳基,1.918,266.0,40.7,0.741,PVDF-HFP,28.4,0.622,DOL/DME + 1M LiTFSI + 0.2M LiNO₃,25,5.0,500,1.212,904.8,99.0,99.39,0.02
Fe₂O₃,金属氧化物,0.903,45.8,30.6,0.192,PI(聚酰亚胺),24.9,0.552,TEGDME + 1M LiTFSI,25,0.2,500,0.664,993.1,99.0,94.17,0.2161
VS₂,金属硫化物,2.308,45.7,22.0,0.164,纤维素膜,41.6,0.662,DOL/DME + 1M LiTFSI + 0.1M LiNO₃,55,2.0,100,1.877,852.6,99.0,98.78,0.02
CNT,碳基,1.886,275.0,37.8,0.982,PAN,23.3,0.671,DOL/DME + 1M LiTFSI + 0.2M LiNO₃,60,1.0,800,2.257,1259.1,95.8,98.88,0.02
氧化石墨烯(GO),碳基,2.105,370.1,4.5,0.816,Whatman GF/D,666.2,0.827,DOL/DME + 1M LiTFSI + 0.1M LiNO₃,30,3.0,200,1.742,951.6,99.0,99.9,0.02
ZIF-8,MOF/COF,2.453,1502.7,5.7,0.655,Celgard 2400(PP),28.2,0.464,DOL/DME + 1M LiTFSI,45,1.0,100,2.427,1019.8,99.0,95.88,0.02
TiO₂,金属氧化物,2.757,56.8,29.0,0.25,PAN,28.2,0.711,DOL/DME + 1M LiTFSI,25,1.0,100,1.182,595.0,99.0,95.4,0.02
PPy(聚吡咯),聚合物,0.594,30.3,69.7,0.133,PVDF,30.9,0.541,DOL/DME + 1M LiTFSI,30,0.5,500,1.44,888.3,85.5,93.54,0.2341
MWCNT,碳基,0.635,203.9,52.8,0.558,尼龙膜,30.8,0.619,砜类(DIPAS) + 1M LiTFSI,60,1.0,300,0.845,1217.7,99.0,91.94,0.2931
CeO₂,金属氧化物,2.199,54.3,18.5,0.192,PET,13.7,0.506,DOL/DME + 1M LiTFSI + 0.5M LiNO₃,45,0.5,500,1.282,868.0,99.0,99.2,0.02
TiN,氮化物,0.975,76.3,27.8,0.18,GF/A(玻璃纤维),261.7,0.806,离子液体(PYR₁₄TFSI) + 0.5M LiTFSI,50,0.2,500,0.695,1222.9,98.2,93.42,0.1553
V₂O₅,金属氧化物,2.841,47.1,51.4,0.17,Celgard 3501(PP/PE/PP),39.7,0.457,砜类(DIPAS) + 1M LiTFSI,30,0.2,500,0.468,511.8,99.0,93.88,0.02
SiO₂,其他,0.469,203.5,13.4,0.804,PVDF-HFP,34.8,0.588,TEGDME + 1M LiTFSI,25,0.2,500,0.717,1043.0,99.0,92.29,0.2609
碳纳米纤维(CNF),碳基,0.315,172.9,114.4,0.548,PAN,21.9,0.652,DOL/DME + 1M LiTFSI + 0.2M LiNO₃,25,2.0,500,1.199,1003.3,92.6,97.23,0.2239
石墨烯,碳基,0.981,449.6,9.7,0.893,尼龙膜,28.4,0.605,DOL/DME + 1M LiTFSI + 0.1M LiNO₃,50,1.0,1000,1.905,1384.1,84.1,97.04,0.0573
MnO₂,金属氧化物,0.408,101.0,18.8,0.254,Whatman GF/D,674.3,0.829,TEGDME + 1M LiTFSI,30,0.2,500,0.788,1148.9,90.2,93.1,0.363
介孔碳(CMK-3),碳基,2.174,944.4,9.9,1.248,尼龙膜,20.0,0.617,砜类(DIPAS) + 1M LiTFSI,25,0.2,200,0.697,1205.1,99.0,94.09,0.02
V₂O₅,金属氧化物,2.597,44.3,33.0,0.154,Celgard 2500(PE),27.2,0.521,TEGDME + 1M LiTFSI + 0.1M LiNO₃,60,0.2,500,1.087,757.5,99.0,99.9,0.02
Fe₂O₃,金属氧化物,2.155,47.0,28.9,0.146,Celgard 3501(PP/PE/PP),40.3,0.447,DOL/DME + 1M LiTFSI,50,1.0,100,1.73,889.4,99.0,94.51,0.0209
CNT,碳基,1.482,246.7,44.2,0.517,PET,13.2,0.522,DOL/DME + 2M LiTFSI,25,0.1,200,0.784,1229.7,99.0,93.24,0.086
WO₃,金属氧化物,0.299,44.2,38.5,0.117,尼龙膜,23.9,0.54,TEGDME + 1M LiTFSI,55,0.1,800,0.895,1075.3,74.3,91.78,0.3626
Co₃O₄,金属氧化物,0.421,83.2,25.3,0.23,尼龙膜,28.5,0.635,DOL/DME + 2M LiTFSI,40,5.0,500,1.139,865.9,89.9,94.33,0.3148
CNT,碳基,0.161,278.9,35.9,0.755,Whatman GF/D,672.5,0.883,DOL/DME + 2M LiTFSI,45,1.0,200,1.476,1280.2,95.3,92.64,0.3494
NiS₂,金属硫化物,2.499,33.3,43.8,0.155,PET,20.7,0.536,DOL/DME + 1M LiTFSI,55,0.2,100,2.135,827.6,99.0,95.49,0.02
氮掺杂碳,碳基,1.309,538.8,17.6,0.77,PI(聚酰亚胺),21.8,0.648,DOL/DME + 1M LiTFSI + 0.1M LiNO₃,50,1.0,1000,1.86,1444.6,87.6,98.98,0.02
PPy(聚吡咯),聚合物,1.021,40.7,42.2,0.16,Celgard 3501(PP/PE/PP),33.1,0.386,DOL/DME + 0.5M LiTFSI,60,2.0,500,2.321,886.2,99.0,92.96,0.1637
MWCNT,碳基,1.336,196.1,53.0,0.805,PAN,25.3,0.777,DOL/DME + 0.5M LiTFSI,30,0.5,500,2.09,1153.0,97.8,93.98,0.1738
Fe₂O₃,金属氧化物,1.478,45.5,34.3,0.109,GF/A(玻璃纤维),256.5,0.73,TEGDME + 1M LiTFSI + 0.1M LiNO₃,40,0.5,100,1.029,1126.2,99.0,98.87,0.0269
氮掺杂碳,碳基,2.193,467.9,10.6,0.93,Celgard 2400(PP),32.1,0.473,DOL/DME + 1M LiTFSI + 0.5M LiNO₃,25,1.0,500,1.115,947.1,99.0,99.9,0.02
NiS₂,金属硫化物,0.382,39.7,22.7,0.133,Celgard 3501(PP/PE/PP),36.6,0.436,TEGDME + 1M LiTFSI + 0.1M LiNO₃,45,1.0,50,0.802,971.7,95.4,96.89,0.1778
rGO,碳基,2.891,345.7,6.1,0.631,尼龙膜,29.7,0.535,DOL/DME + 1M LiTFSI,25,3.0,200,1.264,575.0,99.0,94.63,0.02
COF-LZU1,MOF/COF,2.943,430.0,7.1,0.383,Celgard 2500(PE),21.9,0.529,DOL/DME + 2M LiTFSI,35,0.2,800,1.149,671.5,99.0,95.71,0.02
CoS₂,金属硫化物,2.425,39.8,29.9,0.153,尼龙膜,39.6,0.611,TEGDME + 1M LiTFSI + 0.1M LiNO₃,25,0.1,200,0.538,810.5,99.0,99.9,0.02
MnO₂,金属氧化物,2.868,75.8,23.2,0.262,PI(聚酰亚胺),13.6,0.529,DOL/DME + 1M LiTFSI + 0.5M LiNO₃,30,0.5,300,0.874,496.4,99.0,99.9,0.02
石墨烯,碳基,0.28,440.7,8.4,0.75,PVDF,23.0,0.65,DOL/DME + 1M LiTFSI,25,0.2,300,1.375,1266.8,91.9,91.65,0.2194
MWCNT,碳基,1.389,194.0,31.3,0.692,尼龙膜,28.1,0.591,砜类(DIPAS) + 1M LiTFSI,25,1.0,50,0.554,1208.3,99.0,94.17,0.1064
V₂O₅,金属氧化物,2.704,36.2,39.1,0.154,尼龙膜,21.1,0.628,TEGDME + 1M LiTFSI + 0.1M LiNO₃,25,0.5,800,0.558,563.8,99.0,99.9,0.02
氧化石墨烯(GO),碳基,2.349,366.8,4.8,0.832,PAN,18.0,0.765,TEGDME + 1M LiTFSI + 0.1M LiNO₃,25,0.2,800,0.726,919.9,99.0,99.9,0.02
石墨烯,碳基,2.281,418.8,10.3,0.812,Whatman GF/D,672.6,0.894,DOL/DME + 1M LiTFSI + 0.1M LiNO₃,60,0.5,800,2.493,1058.7,99.0,98.57,0.02
ZnO,金属氧化物,0.996,33.1,42.6,0.091,尼龙膜,35.1,0.683,DOL/DME + 2M LiTFSI,45,0.5,500,1.25,1145.8,94.3,94.16,0.17
TiN,氮化物,2.5,79.5,27.7,0.232,GF/A(玻璃纤维),260.3,0.818,DOL/DME + 0.5M LiTFSI,25,5.0,200,1.734,543.8,99.0,97.34,0.02
碳黑(Super P),碳基,0.692,66.6,44.8,0.311,尼龙膜,27.1,0.559,离子液体(PYR₁₄TFSI) + 0.5M LiTFSI,60,3.0,100,0.693,1201.8,98.0,91.4,0.3143
碳纳米纤维(CNF),碳基,1.051,127.9,118.0,0.514,Whatman GF/D,668.4,0.799,DOL/DME + 0.5M LiTFSI,35,0.1,100,2.352,1485.9,98.2,93.02,0.2251
石墨烯,碳基,2.431,352.0,7.6,0.825,Celgard 2400(PP),27.7,0.421,DOL/DME + 1M LiTFSI + 0.1M LiNO₃,55,0.2,500,1.593,1033.8,99.0,99.08,0.02
MXene(Ti₃C₂),其他,0.269,100.0,6.5,0.276,PVDF-HFP,26.7,0.663,砜类(DIPAS) + 1M LiTFSI,55,0.1,50,0.97,1047.4,98.0,92.28,0.2989
BN,氮化物,1.852,25.9,40.0,0.121,PVDF,30.3,0.606,DOL/DME + 1M LiTFSI + 0.5M LiNO₃,25,1.0,300,0.943,884.1,99.0,99.43,0.02
Co₃O₄,金属氧化物,2.631,71.5,34.5,0.202,PVDF,34.5,0.518,DOL/DME + 1M LiTFSI + 0.5M LiNO₃,25,1.0,50,0.816,578.1,99.0,99.9,0.02
V₂O₅,金属氧化物,2.231,29.0,29.3,0.174,GF/A(玻璃纤维),256.4,0.794,DOL/DME + 1M LiTFSI,35,0.1,200,1.774,924.7,99.0,96.85,0.02
MIL-101(Cr),MOF/COF,2.899,3346.1,3.6,1.277,Celgard 2500(PE),21.9,0.505,离子液体(PYR₁₄TFSI) + 0.5M LiTFSI,25,0.5,500,0.858,876.6,99.0,95.57,0.02
VS₂,金属硫化物,1.778,60.5,31.7,0.162,GF/A(玻璃纤维),268.4,0.847,DOL/DME + 1M LiTFSI + 0.5M LiNO₃,45,0.5,300,1.544,1094.3,99.0,99.9,0.02
NiS₂,金属硫化物,2.732,29.8,37.2,0.115,尼龙膜,23.0,0.647,DOL/DME + 0.5M LiTFSI,25,2.0,200,1.461,506.2,99.0,96.19,0.02
介孔碳(CMK-3),碳基,2.127,955.0,10.1,1.338,PAN,28.1,0.707,DOL/DME + 0.5M LiTFSI,25,0.5,100,2.645,1128.0,99.0,95.46,0.02
Fe₂O₃,金属氧化物,2.584,52.9,45.2,0.135,纤维素膜,41.2,0.723,DOL/DME + 1M LiTFSI + 0.2M LiNO₃,55,0.5,200,1.65,653.4,99.0,99.9,0.02
Fe₂O₃,金属氧化物,2.559,45.8,48.3,0.124,PAN,29.7,0.749,TEGDME + 1M LiTFSI,60,0.5,1000,1.07,711.8,93.3,93.08,0.02
ZIF-8,MOF/COF,0.952,1614.2,7.3,0.713,尼龙膜,23.2,0.643,TEGDME + 1M LiTFSI + 0.1M LiNO₃,25,0.1,500,0.894,1531.5,99.0,98.53,0.02
ZnO,金属氧化物,1.617,37.4,48.8,0.095,Celgard 2400(PP),29.8,0.48,DOL/DME + 1M LiTFSI,45,0.5,1000,1.507,983.9,92.2,95.54,0.02
CeO₂,金属氧化物,2.325,70.5,18.2,0.209,纤维素膜,36.4,0.648,DOL/DME + 1M LiTFSI + 0.5M LiNO₃,55,1.0,300,1.347,768.7,99.0,99.9,0.02
BN,氮化物,1.883,32.3,56.3,0.081,Celgard 2400(PP),17.5,0.373,DOL/DME + 2M LiTFSI,25,2.0,1000,0.725,865.1,90.0,95.89,0.02
多孔碳球,碳基,2.116,706.3,19.3,1.22,Celgard 3501(PP/PE/PP),42.2,0.42,砜类(DIPAS) + 1M LiTFSI,55,5.0,100,1.0,1063.1,99.0,95.09,0.02
CNT,碳基,2.08,275.3,39.3,0.732,Celgard 2500(PE),19.5,0.524,砜类(DIPAS) + 1M LiTFSI,25,1.0,800,0.575,949.1,98.5,94.75,0.0384
BN,氮化物,2.833,39.1,52.3,0.093,尼龙膜,26.7,0.599,砜类(DIPAS) + 1M LiTFSI,25,0.2,1000,0.471,537.8,90.3,96.77,0.02
石墨烯,碳基,0.222,412.1,8.0,0.776,尼龙膜,17.4,0.528,DOL/DME + 1M LiTFSI,25,1.0,500,1.217,1024.6,89.3,93.7,0.2846
CeO₂,金属氧化物,1.798,68.1,17.0,0.203,Whatman GF/D,672.3,0.841,离子液体(PYR₁₄TFSI) + 0.5M LiTFSI,60,2.0,1000,0.711,977.8,93.7,93.89,0.0794
氧化石墨烯(GO),碳基,1.575,386.6,4.6,0.79,GF/A(玻璃纤维),260.8,0.805,TEGDME + 1M LiTFSI,50,0.2,1000,1.231,1392.8,93.8,94.61,0.02
介孔碳(CMK-3),碳基,2.739,1047.7,18.2,1.486,Celgard 2500(PE),30.9,0.677,DOL/DME + 2M LiTFSI,25,2.0,100,1.115,791.0,99.0,94.84,0.02
多孔碳球,碳基,0.756,799.8,17.7,1.144,Celgard 3501(PP/PE/PP),48.3,0.507,DOL/DME + 1M LiTFSI,55,0.5,200,2.114,1476.4,99.0,93.64,0.182
WS₂,金属硫化物,2.586,31.9,28.2,0.138,GF/A(玻璃纤维),251.9,0.786,TEGDME + 1M LiTFSI,60,0.2,500,1.253,783.4,99.0,94.28,0.02
Co₃O₄,金属氧化物,1.258,76.2,32.0,0.163,Celgard 2400(PP),31.7,0.535,DOL/DME + 1M LiTFSI + 0.5M LiNO₃,25,5.0,800,1.001,922.7,96.8,99.35,0.02
氮掺杂碳,碳基,1.423,520.7,12.3,1.021,PVDF-HFP,29.6,0.646,DOL/DME + 1M LiTFSI + 0.2M LiNO₃,45,0.2,200,1.661,1447.2,99.0,98.53,0.02
Co₃O₄,金属氧化物,1.854,85.4,30.9,0.207,PAN,18.3,0.695,砜类(DIPAS) + 1M LiTFSI,25,1.0,1000,0.587,799.2,97.5,97.59,0.02
TiN,氮化物,1.33,65.7,17.4,0.226,尼龙膜,27.0,0.64,砜类(DIPAS) + 1M LiTFSI,55,0.1,100,0.859,1265.6,99.0,92.65,0.0747
SiO₂,其他,1.361,181.6,13.2,0.513,尼龙膜,18.9,0.51,TEGDME + 1M LiTFSI,35,3.0,200,0.827,883.8,99.0,93.86,0.1485
氧化石墨烯(GO),碳基,1.606,390.1,5.3,0.493,Whatman GF/D,673.4,0.853,DOL/DME + 1M LiTFSI,25,2.0,50,1.764,1075.0,99.0,96.62,0.02
氧化石墨烯(GO),碳基,1.152,360.8,5.2,0.791,Whatman GF/D,665.1,0.726,DOL/DME + 1M LiTFSI + 0.5M LiNO₃,35,3.0,50,1.396,1126.9,99.0,99.18,0.02
CeO₂,金属氧化物,0.776,53.3,28.2,0.188,PET,18.9,0.471,砜类(DIPAS) + 1M LiTFSI,60,5.0,800,0.804,985.3,85.6,92.35,0.2351
ZnO,金属氧化物,1.392,43.3,47.4,0.117,GF/A(玻璃纤维),262.2,0.8,DOL/DME + 1M LiTFSI + 0.2M LiNO₃,35,3.0,800,1.442,939.5,94.2,99.9,0.02
TpPa-COF,MOF/COF,1.151,696.0,5.7,0.466,Celgard 2400(PP),32.2,0.421,DOL/DME + 0.5M LiTFSI,55,0.1,500,2.645,1439.7,99.0,93.97,0.02
VS₂,金属硫化物,2.345,51.8,34.5,0.125,PAN,26.0,0.765,DOL/DME + 0.5M LiTFSI,35,5.0,100,1.816,658.5,99.0,95.59,0.02
V₂O₅,金属氧化物,1.564,27.4,34.6,0.106,PVDF-HFP,23.5,0.554,DOL/DME + 1M LiTFSI + 0.5M LiNO₃,30,0.2,200,1.099,985.9,99.0,99.75,0.02
CeO₂,金属氧化物,1.977,66.3,13.8,0.252,PVDF,31.0,0.551,离子液体(PYR₁₄TFSI) + 0.5M LiTFSI,35,3.0,50,0.448,820.6,99.0,95.4,0.02
氧化石墨烯(GO),碳基,0.272,393.0,4.1,0.833,尼龙膜,20.1,0.539,离子液体(PYR₁₄TFSI) + 0.5M LiTFSI,35,0.5,200,0.457,1223.6,99.0,92.46,0.335
石墨烯,碳基,1.244,386.8,6.7,0.561,PI(聚酰亚胺),18.2,0.539,DOL/DME + 1M LiTFSI + 0.2M LiNO₃,25,0.5,50,1.3,1259.2,99.0,97.79,0.02
TiO₂,金属氧化物,1.517,53.6,30.3,0.156,纤维素膜,33.1,0.671,DOL/DME + 1M LiTFSI,25,0.2,50,1.039,1060.0,99.0,94.4,0.0588
碳黑(Super P),碳基,1.536,62.8,19.4,0.226,PVDF-HFP,31.4,0.594,DOL/DME + 2M LiTFSI,60,0.1,50,1.668,1290.6,99.0,92.88,0.1998
ZIF-67,MOF/COF,1.67,1683.9,4.6,0.824,Celgard 2500(PE),20.3,0.566,DOL/DME + 1M LiTFSI + 0.5M LiNO₃,25,0.2,100,1.722,1500.1,99.0,98.99,0.02
石墨烯,碳基,0.713,475.8,8.0,0.974,Celgard 3501(PP/PE/PP),38.4,0.395,砜类(DIPAS) + 1M LiTFSI,55,2.0,800,0.712,1343.5,90.0,93.85,0.1583
PPy(聚吡咯),聚合物,0.795,42.9,82.0,0.137,Celgard 2400(PP),28.0,0.388,砜类(DIPAS) + 1M LiTFSI,35,2.0,50,0.658,753.9,99.0,94.57,0.2054
CNT,碳基,2.176,283.4,35.0,0.827,PVDF-HFP,17.2,0.672,DOL/DME + 2M LiTFSI,30,5.0,200,1.029,861.5,99.0,96.22,0.073
TiS₂,金属硫化物,1.18,37.7,28.7,0.1,Whatman GF/D,680.6,0.856,砜类(DIPAS) + 1M LiTFSI,50,0.2,1000,0.932,1137.7,88.2,94.34,0.1838
多孔碳球,碳基,0.604,660.1,24.6,0.99,纤维素膜,29.9,0.608,DOL/DME + 2M LiTFSI,30,0.1,200,1.063,1469.3,99.0,92.92,0.2423
rGO,碳基,1.565,363.7,6.4,0.886,Celgard 3501(PP/PE/PP),34.3,0.446,DOL/DME + 1M LiTFSI,25,1.0,100,1.521,1247.4,99.0,93.98,0.02
ZIF-8,MOF/COF,0.404,1737.6,4.8,0.666,Celgard 2400(PP),29.7,0.435,DOL/DME + 2M LiTFSI,30,0.5,800,1.133,1336.6,92.5,93.83,0.1097
Co₃O₄,金属氧化物,0.868,82.4,33.7,0.208,纤维素膜,39.3,0.697,TEGDME + 1M LiTFSI + 0.1M LiNO₃,50,5.0,100,1.151,1096.0,99.0,97.99,0.1143
CoS₂,金属硫化物,0.326,49.6,35.0,0.125,PET,12.5,0.483,DOL/DME + 1M LiTFSI + 0.2M LiNO₃,30,5.0,50,1.198,842.2,99.0,96.57,0.2048
氮掺杂碳,碳基,2.265,419.9,19.0,1.109,Celgard 2400(PP),26.6,0.471,TEGDME + 1M LiTFSI,35,1.0,300,0.851,982.6,99.0,96.45,0.02
rGO,碳基,1.252,362.4,6.1,0.767,Celgard 3501(PP/PE/PP),31.9,0.434,DOL/DME + 1M LiTFSI + 0.1M LiNO₃,50,0.5,200,2.063,1356.9,99.0,98.93,0.02
WO₃,金属氧化物,2.013,39.0,27.3,0.14,尼龙膜,21.4,0.603,DOL/DME + 1M LiTFSI + 0.2M LiNO₃,55,0.2,800,1.464,1058.4,99.0,99.43,0.02
WO₃,金属氧化物,2.651,37.4,32.9,0.115,PAN,23.1,0.777,砜类(DIPAS) + 1M LiTFSI,55,1.0,50,0.787,677.3,99.0,95.45,0.0478
TiO₂,金属氧化物,0.784,44.5,18.8,0.181,PAN,22.1,0.558,TEGDME + 1M LiTFSI + 0.1M LiNO₃,50,0.5,800,1.029,1023.8,90.2,96.86,0.0448
TpPa-COF,MOF/COF,1.206,585.5,6.2,0.374,PVDF-HFP,26.2,0.672,DOL/DME + 1M LiTFSI,45,0.1,500,2.397,1528.4,99.0,93.12,0.039
MXene(Ti₃C₂),其他,0.808,79.4,9.2,0.225,Whatman GF/D,670.5,0.753,DOL/DME + 1M LiTFSI + 0.1M LiNO₃,25,0.2,500,1.383,1029.4,99.0,97.9,0.0542
Al₂O₃,金属氧化物,2.45,120.5,17.9,0.292,PVDF,33.1,0.477,DOL/DME + 1M LiTFSI + 0.1M LiNO₃,25,3.0,100,0.969,662.2,99.0,99.78,0.02
TiN,氮化物,2.743,67.4,18.3,0.22,Celgard 2500(PE),22.5,0.494,DOL/DME + 2M LiTFSI,60,1.0,500,1.303,609.5,99.0,94.86,0.02
MnO₂,金属氧化物,2.526,86.1,35.8,0.327,PI(聚酰亚胺),22.9,0.629,DOL/DME + 1M LiTFSI + 0.1M LiNO₃,30,0.5,300,1.097,685.1,99.0,99.9,0.02
Co₃O₄,金属氧化物,0.984,60.2,26.3,0.267,Celgard 3501(PP/PE/PP),35.1,0.427,DOL/DME + 1M LiTFSI + 0.1M LiNO₃,45,0.5,800,1.153,1025.5,86.1,96.76,0.02
ZIF-67,MOF/COF,2.977,1630.6,3.7,0.681,PI(聚酰亚胺),7.6,0.539,DOL/DME + 1M LiTFSI,25,0.1,500,1.955,737.5,99.0,96.03,0.02
MoS₂,金属硫化物,0.285,50.5,27.5,0.195,Whatman GF/D,673.2,0.765,TEGDME + 1M LiTFSI + 0.1M LiNO₃,40,0.1,500,0.981,1120.0,85.2,96.85,0.2033
MoS₂,金属硫化物,0.478,45.8,31.5,0.207,纤维素膜,38.4,0.72,DOL/DME + 1M LiTFSI,30,1.0,200,1.411,1056.5,99.0,92.82,0.285
CNT,碳基,0.504,262.7,36.3,0.853,尼龙膜,30.1,0.59,DOL/DME + 2M LiTFSI,50,0.5,1000,1.329,1388.9,77.4,93.03,0.2321
rGO,碳基,0.858,318.3,5.6,0.678,PAN,18.6,0.744,TEGDME + 1M LiTFSI,30,2.0,100,0.88,1138.6,99.0,93.8,0.2322
MnO₂,金属氧化物,2.096,109.9,25.3,0.276,PVDF,24.6,0.592,DOL/DME + 1M LiTFSI + 0.1M LiNO₃,40,3.0,200,1.674,783.3,99.0,99.9,0.02
CeO₂,金属氧化物,2.487,66.0,12.4,0.184,Celgard 3501(PP/PE/PP),40.6,0.386,DOL/DME + 1M LiTFSI + 0.1M LiNO₃,55,0.5,100,1.609,778.5,99.0,99.67,0.02
SiO₂,其他,2.669,206.6,13.7,0.499,尼龙膜,29.2,0.712,DOL/DME + 1M LiTFSI + 0.1M LiNO₃,40,2.0,100,1.525,597.5,99.0,98.27,0.02
碳纳米纤维(CNF),碳基,1.678,155.6,137.6,0.379,纤维素膜,33.8,0.787,TEGDME + 1M LiTFSI + 0.1M LiNO₃,25,5.0,100,0.648,944.4,99.0,98.17,0.02
WO₃,金属氧化物,1.141,27.3,31.1,0.123,Whatman GF/D,667.7,0.866,离子液体(PYR₁₄TFSI) + 0.5M LiTFSI,25,0.1,500,0.407,1225.6,92.9,93.92,0.2105
BN,氮化物,0.614,39.3,35.6,0.092,PVDF,29.4,0.622,离子液体(PYR₁₄TFSI) + 0.5M LiTFSI,25,2.0,1000,0.417,966.7,75.6,92.52,0.2863
UiO-66,MOF/COF,1.474,1307.4,2.5,0.626,尼龙膜,22.4,0.686,DOL/DME + 1M LiTFSI,45,0.5,200,3.048,1406.2,99.0,94.5,0.02
ZIF-67,MOF/COF,2.914,1755.6,3.2,0.684,Celgard 2500(PE),21.8,0.552,TEGDME + 1M LiTFSI + 0.1M LiNO₃,60,3.0,1000,1.686,689.6,99.0,99.9,0.02
氧化石墨烯(GO),碳基,2.355,333.0,4.3,0.59,GF/A(玻璃纤维),263.0,0.8,DOL/DME + 0.5M LiTFSI,25,0.5,300,2.141,965.0,99.0,95.66,0.02
MnO₂,金属氧化物,0.204,77.5,41.0,0.269,PI(聚酰亚胺),17.5,0.547,TEGDME + 1M LiTFSI + 0.1M LiNO₃,45,1.0,800,0.966,918.3,80.7,96.32,0.1846
Mo₂N,氮化物,0.108,50.5,23.7,0.153,尼龙膜,22.8,0.682,离子液体(PYR₁₄TFSI) + 0.5M LiTFSI,50,5.0,300,0.55,860.8,88.3,91.65,0.4095
PANI(聚苯胺),聚合物,2.631,31.5,102.0,0.126,纤维素膜,31.7,0.655,DOL/DME + 1M LiTFSI + 0.1M LiNO₃,25,3.0,100,1.023,474.9,99.0,99.89,0.02
CNT,碳基,1.604,242.6,32.7,0.569,PET,16.1,0.559,TEGDME + 1M LiTFSI,25,0.5,200,0.664,1245.4,99.0,94.43,0.075
UiO-66,MOF/COF,0.653,1165.8,2.5,0.549,Whatman GF/D,662.6,0.897,DOL/DME + 1M LiTFSI + 0.1M LiNO₃,25,3.0,500,1.665,1134.9,99.0,98.01,0.09
rGO,碳基,2.239,258.9,6.4,0.739,纤维素膜,34.6,0.662,DOL/DME + 1M LiTFSI + 0.5M LiNO₃,25,0.2,1000,1.147,1057.8,97.0,98.39,0.02
UiO-66,MOF/COF,1.587,1230.6,3.2,0.555,PET,18.7,0.596,TEGDME + 1M LiTFSI,40,0.5,50,1.059,1280.5,99.0,94.56,0.02
Co₃O₄,金属氧化物,1.938,68.4,31.7,0.202,尼龙膜,19.7,0.71,DOL/DME + 1M LiTFSI + 0.1M LiNO₃,35,0.2,200,1.508,969.7,99.0,99.9,0.02
MIL-101(Cr),MOF/COF,1.225,3003.9,3.6,1.622,尼龙膜,16.9,0.561,DOL/DME + 1M LiTFSI + 0.1M LiNO₃,45,3.0,200,3.43,1600.0,99.0,98.94,0.02
PPy(聚吡咯),聚合物,1.495,43.4,77.0,0.156,PVDF,28.5,0.709,砜类(DIPAS) + 1M LiTFSI,55,1.0,800,0.748,940.6,97.0,94.21,0.1179
TpPa-COF,MOF/COF,0.235,655.2,5.7,0.449,PI(聚酰亚胺),31.5,0.458,TEGDME + 1M LiTFSI + 0.1M LiNO₃,50,0.2,500,0.897,1304.7,84.7,96.67,0.095
TpPa-COF,MOF/COF,2.928,602.3,4.0,0.412,Whatman GF/D,666.0,0.896,TEGDME + 1M LiTFSI + 0.1M LiNO₃,30,0.5,500,0.939,653.5,99.0,99.9,0.02
Mo₂N,氮化物,2.506,46.5,34.3,0.109,尼龙膜,26.6,0.603,DOL/DME + 2M LiTFSI,55,0.2,200,1.402,884.7,99.0,95.06,0.02
UiO-66,MOF/COF,2.109,956.6,2.9,0.503,PET,12.7,0.545,DOL/DME + 1M LiTFSI + 0.2M LiNO₃,35,2.0,800,1.906,1019.5,99.0,99.9,0.02
氮掺杂碳,碳基,2.1,509.3,14.7,0.951,PET,13.3,0.523,DOL/DME + 1M LiTFSI,50,1.0,500,2.089,1174.5,99.0,96.29,0.02
多孔碳球,碳基,0.699,723.2,13.1,1.118,PAN,21.5,0.675,DOL/DME + 2M LiTFSI,25,3.0,200,1.103,1213.6,98.3,92.57,0.1958
ZnO,金属氧化物,0.32,27.9,50.8,0.129,PVDF,27.6,0.595,TEGDME + 1M LiTFSI,25,0.5,100,0.628,950.1,97.8,92.07,0.2912
ZnO,金属氧化物,2.012,39.6,56.8,0.114,PAN,17.8,0.694,离子液体(PYR₁₄TFSI) + 0.5M LiTFSI,45,3.0,500,0.571,775.0,99.0,96.45,0.0257
CeO₂,金属氧化物,2.001,64.8,14.5,0.209,PI(聚酰亚胺),29.5,0.629,TEGDME + 1M LiTFSI,55,1.0,200,0.972,855.9,99.0,94.24,0.02
介孔碳(CMK-3),碳基,1.439,966.7,14.4,1.559,PVDF,33.0,0.547,TEGDME + 1M LiTFSI,40,0.5,500,1.395,1470.2,99.0,93.52,0.0843
Al₂O₃,金属氧化物,1.801,129.2,22.0,0.393,Whatman GF/D,671.7,0.95,离子液体(PYR₁₄TFSI) + 0.5M LiTFSI,60,0.5,200,0.712,1017.3,99.0,94.0,0.1224
介孔碳(CMK-3),碳基,2.998,883.9,9.1,1.091,Celgard 2500(PE),29.9,0.524,DOL/DME + 1M LiTFSI + 0.2M LiNO₃,25,2.0,200,1.221,643.9,99.0,99.9,0.02
ZIF-8,MOF/COF,2.55,1499.7,5.0,0.673,PVDF-HFP,30.0,0.736,DOL/DME + 1M LiTFSI + 0.2M LiNO₃,55,0.1,300,3.443,1141.6,99.0,99.9,0.02
V₂O₅,金属氧化物,1.49,37.7,27.8,0.132,PAN,13.0,0.744,砜类(DIPAS) + 1M LiTFSI,50,0.5,1000,0.885,1059.5,88.1,93.28,0.1102
TpPa-COF,MOF/COF,2.076,490.7,6.8,0.395,PI(聚酰亚胺),17.7,0.595,DOL/DME + 0.5M LiTFSI,25,0.2,1000,1.735,1097.5,99.0,94.86,0.02
ZnO,金属氧化物,1.632,25.7,32.4,0.125,PVDF,27.6,0.569,砜类(DIPAS) + 1M LiTFSI,25,3.0,100,0.495,824.6,99.0,93.94,0.0844
rGO,碳基,2.923,337.2,6.0,1.126,Celgard 2500(PE),29.0,0.679,DOL/DME + 1M LiTFSI + 0.2M LiNO₃,25,0.2,200,1.148,761.4,99.0,99.9,0.02
多孔碳球,碳基,1.595,682.7,10.7,1.306,PI(聚酰亚胺),12.6,0.581,DOL/DME + 1M LiTFSI + 0.1M LiNO₃,35,5.0,300,1.961,1213.9,99.0,99.01,0.02
VS₂,金属硫化物,2.673,50.6,34.8,0.177,PVDF-HFP,29.8,0.551,DOL/DME + 1M LiTFSI + 0.2M LiNO₃,35,0.2,50,1.168,728.6,99.0,99.9,0.02
ZnO,金属氧化物,2.429,36.9,50.1,0.117,GF/A(玻璃纤维),251.0,0.749,DOL/DME + 0.5M LiTFSI,35,0.2,500,1.886,730.3,99.0,96.48,0.0571
V₂O₅,金属氧化物,1.849,36.3,29.7,0.141,纤维素膜,37.7,0.626,DOL/DME + 1M LiTFSI + 0.2M LiNO₃,45,0.5,800,1.471,993.2,96.2,99.9,0.02
BN,氮化物,0.159,38.3,53.2,0.088,PI(聚酰亚胺),18.4,0.596,TEGDME + 1M LiTFSI + 0.1M LiNO₃,60,0.5,200,1.016,1089.1,91.8,94.81,0.3053
Co₃O₄,金属氧化物,0.385,72.3,27.5,0.297,Celgard 3501(PP/PE/PP),35.8,0.381,TEGDME + 1M LiTFSI,50,0.2,200,0.831,1060.9,98.2,93.33,0.2587
碳纳米纤维(CNF),碳基,2.976,195.8,131.5,0.669,Whatman GF/D,667.7,0.829,DOL/DME + 2M LiTFSI,25,0.1,200,0.846,617.2,99.0,93.13,0.1316
石墨烯,碳基,0.425,465.4,5.9,0.72,PAN,14.0,0.659,TEGDME + 1M LiTFSI + 0.1M LiNO₃,50,5.0,300,0.94,1182.6,95.7,96.98,0.128
La₂O₃,金属氧化物,1.089,26.9,35.3,0.097,PVDF-HFP,26.8,0.662,DOL/DME + 1M LiTFSI,35,3.0,200,1.595,917.0,99.0,94.23,0.1874
ZnO,金属氧化物,1.39,37.9,45.1,0.13,Whatman GF/D,672.5,0.889,砜类(DIPAS) + 1M LiTFSI,50,0.2,500,0.979,1207.1,99.0,93.58,0.1639
g-C₃N₄,氮化物,2.749,89.3,16.5,0.284,尼龙膜,29.2,0.615,离子液体(PYR₁₄TFSI) + 0.5M LiTFSI,30,1.0,200,0.354,538.0,99.0,95.63,0.02
CoS₂,金属硫化物,1.757,49.3,28.6,0.166,纤维素膜,38.9,0.76,DOL/DME + 0.5M LiTFSI,50,2.0,300,2.871,994.9,99.0,97.25,0.02
HKUST-1,MOF/COF,0.376,1714.4,6.2,0.723,Celgard 2400(PP),35.9,0.466,DOL/DME + 1M LiTFSI + 0.2M LiNO₃,30,1.0,100,1.382,1296.5,99.0,97.57,0.02
MWCNT,碳基,1.131,203.8,38.6,0.591,PET,22.0,0.529,DOL/DME + 0.5M LiTFSI,60,0.5,50,2.662,1409.8,99.0,92.62,0.1765
TiO₂,金属氧化物,1.952,58.0,30.3,0.168,PVDF,33.4,0.461,DOL/DME + 1M LiTFSI + 0.1M LiNO₃,60,0.5,800,1.946,1015.6,99.0,98.23,0.02
ZnO,金属氧化物,2.051,28.1,65.6,0.107,PI(聚酰亚胺),17.4,0.601,DOL/DME + 1M LiTFSI,45,1.0,800,1.891,919.5,99.0,95.14,0.02
TiS₂,金属硫化物,1.562,44.5,28.1,0.131,Celgard 3501(PP/PE/PP),44.4,0.411,DOL/DME + 1M LiTFSI + 0.1M LiNO₃,35,0.5,50,1.291,1102.1,99.0,99.9,0.02
TpPa-COF,MOF/COF,1.62,488.6,5.6,0.419,PAN,19.7,0.696,DOL/DME + 1M LiTFSI,25,0.1,50,1.717,1226.3,99.0,95.1,0.02
氮掺杂碳,碳基,1.624,542.6,15.1,0.778,Celgard 3501(PP/PE/PP),33.4,0.468,DOL/DME + 2M LiTFSI,30,3.0,100,0.986,1075.6,99.0,95.12,0.02
PDA(聚多巴胺),聚合物,0.139,29.8,36.8,0.08,Celgard 2500(PE),28.1,0.56,砜类(DIPAS) + 1M LiTFSI,25,0.5,500,0.573,784.9,87.8,91.9,0.356
碳黑(Super P),碳基,2.771,63.8,44.2,0.254,PI(聚酰亚胺),7.6,0.467,DOL/DME + 1M LiTFSI + 0.2M LiNO₃,55,0.2,50,1.451,684.7,99.0,95.96,0.02
SnS₂,金属硫化物,0.183,38.8,40.8,0.145,Whatman GF/D,673.3,0.831,DOL/DME + 2M LiTFSI,35,2.0,300,1.382,860.2,96.7,92.43,0.3512
TiS₂,金属硫化物,1.381,42.0,32.7,0.098,PVDF-HFP,28.4,0.64,砜类(DIPAS) + 1M LiTFSI,25,1.0,50,0.541,984.6,99.0,93.37,0.1041
TiS₂,金属硫化物,0.755,35.5,29.2,0.083,Whatman GF/D,676.5,0.886,DOL/DME + 2M LiTFSI,25,0.1,500,1.229,1134.2,95.7,93.14,0.2833
CoS₂,金属硫化物,2.854,49.9,24.9,0.111,PET,18.8,0.514,DOL/DME + 2M LiTFSI,60,1.0,100,1.442,550.3,99.0,95.44,0.02
La₂O₃,金属氧化物,0.552,21.0,75.4,0.089,尼龙膜,25.1,0.643,DOL/DME + 1M LiTFSI + 0.1M LiNO₃,60,0.2,1000,2.128,1170.5,82.7,97.16,0.1246
碳黑(Super P),碳基,0.758,57.7,41.1,0.243,纤维素膜,37.5,0.679,DOL/DME + 1M LiTFSI,60,0.1,500,2.011,1313.5,86.1,92.1,0.2875
CNT,碳基,0.858,245.1,30.1,0.783,GF/A(玻璃纤维),266.9,0.799,DOL/DME + 1M LiTFSI,55,0.5,1000,2.393,1460.2,84.4,93.33,0.2741
CNT,碳基,2.504,320.6,25.2,0.742,Celgard 2400(PP),31.1,0.436,砜类(DIPAS) + 1M LiTFSI,30,0.2,50,0.524,941.7,99.0,93.0,0.02
rGO,碳基,2.386,365.0,6.2,0.742,Celgard 3501(PP/PE/PP),34.7,0.472,TEGDME + 1M LiTFSI + 0.1M LiNO₃,25,0.5,500,0.525,935.0,99.0,98.29,0.02
氮掺杂碳,碳基,1.382,640.0,15.7,0.68,PVDF,28.3,0.561,TEGDME + 1M LiTFSI + 0.1M LiNO₃,25,3.0,500,0.833,1140.9,99.0,99.47,0.02
TiS₂,金属硫化物,2.111,34.7,44.1,0.12,Celgard 2500(PE),29.3,0.481,TEGDME + 1M LiTFSI + 0.1M LiNO₃,55,5.0,500,0.888,887.8,99.0,99.73,0.02
MIL-101(Cr),MOF/COF,1.103,3398.9,3.4,1.005,尼龙膜,21.4,0.647,DOL/DME + 1M LiTFSI + 0.5M LiNO₃,25,5.0,200,2.081,1482.2,99.0,99.66,0.02
ZIF-8,MOF/COF,2.441,1504.4,5.1,0.653,PI(聚酰亚胺),24.9,0.572,TEGDME + 1M LiTFSI,60,2.0,200,1.814,1027.9,99.0,97.29,0.02
UiO-66,MOF/COF,1.717,1221.8,3.2,0.547,Celgard 2500(PE),16.3,0.551,DOL/DME + 1M LiTFSI,35,3.0,100,2.468,1088.7,99.0,94.76,0.02
TiO₂,金属氧化物,1.135,46.8,25.6,0.166,GF/A(玻璃纤维),265.9,0.866,DOL/DME + 1M LiTFSI,25,5.0,300,1.589,904.3,99.0,93.85,0.186
PDA(聚多巴胺),聚合物,0.576,24.0,68.3,0.089,Celgard 3501(PP/PE/PP),33.8,0.394,DOL/DME + 2M LiTFSI,35,0.5,200,0.966,931.9,99.0,94.22,0.1885
VN,氮化物,1.18,58.6,17.8,0.17,纤维素膜,38.8,0.604,DOL/DME + 0.5M LiTFSI,60,1.0,500,2.394,1151.4,99.0,93.65,0.121
TiS₂,金属硫化物,2.499,29.1,29.8,0.121,GF/A(玻璃纤维),250.8,0.869,DOL/DME + 2M LiTFSI,60,1.0,500,1.628,748.6,99.0,96.55,0.0417
g-C₃N₄,氮化物,0.576,79.7,18.5,0.287,PVDF,31.0,0.538,DOL/DME + 1M LiTFSI,35,0.5,200,1.644,1057.9,99.0,91.94,0.274
ZIF-8,MOF/COF,0.431,1211.7,5.6,0.687,PAN,20.2,0.687,DOL/DME + 1M LiTFSI,45,0.5,800,2.14,1343.3,89.4,92.48,0.1665
VN,氮化物,0.83,65.6,39.0,0.182,Celgard 3501(PP/PE/PP),38.9,0.361,DOL/DME + 1M LiTFSI + 0.1M LiNO₃,55,0.5,200,1.837,1142.1,99.0,97.72,0.0555
介孔碳(CMK-3),碳基,0.907,870.8,9.5,1.166,纤维素膜,38.8,0.649,砜类(DIPAS) + 1M LiTFSI,30,2.0,1000,0.661,1347.4,85.3,93.24,0.0946
MnO₂,金属氧化物,1.172,89.4,35.0,0.298,Whatman GF/D,664.4,0.918,离子液体(PYR₁₄TFSI) + 0.5M LiTFSI,55,0.2,200,0.719,1250.6,99.0,94.36,0.1507
氧化石墨烯(GO),碳基,0.982,442.3,6.1,0.624,Celgard 2400(PP),24.1,0.484,DOL/DME + 2M LiTFSI,25,1.0,1000,0.876,1355.8,89.1,94.93,0.0792
介孔碳(CMK-3),碳基,1.772,1121.0,10.3,1.357,Whatman GF/D,671.9,0.817,TEGDME + 1M LiTFSI,25,0.1,50,1.144,1433.9,99.0,93.64,0.0248
碳黑(Super P),碳基,1.497,58.0,28.9,0.265,PVDF,29.9,0.577,离子液体(PYR₁₄TFSI) + 0.5M LiTFSI,25,1.0,1000,0.344,1059.4,84.2,93.47,0.2365
CeO₂,金属氧化物,0.15,55.6,19.3,0.161,纤维素膜,28.5,0.578,砜类(DIPAS) + 1M LiTFSI,35,1.0,500,0.61,905.8,84.7,93.4,0.3814
HKUST-1,MOF/COF,1.539,1788.8,8.0,0.757,尼龙膜,34.6,0.544,DOL/DME + 1M LiTFSI + 0.5M LiNO₃,25,3.0,1000,1.591,1235.1,99.0,99.9,0.02
rGO,碳基,1.045,369.2,7.0,0.822,Celgard 2400(PP),16.4,0.392,TEGDME + 1M LiTFSI + 0.1M LiNO₃,40,1.0,500,0.734,1253.3,99.0,99.05,0.02
WS₂,金属硫化物,0.24,42.3,35.3,0.126,PI(聚酰亚胺),23.5,0.438,离子液体(PYR₁₄TFSI) + 0.5M LiTFSI,25,0.5,100,0.334,945.8,98.0,92.31,0.337
Al₂O₃,金属氧化物,2.558,104.4,24.1,0.264,PI(聚酰亚胺),17.1,0.592,DOL/DME + 1M LiTFSI,35,0.2,100,1.416,711.9,99.0,94.39,0.0494
g-C₃N₄,氮化物,2.412,86.9,20.7,0.304,尼龙膜,28.0,0.649,DOL/DME + 1M LiTFSI + 0.2M LiNO₃,25,1.0,300,0.989,720.6,99.0,99.9,0.02
Co₃O₄,金属氧化物,2.112,68.2,31.8,0.215,Whatman GF/D,671.4,0.9,离子液体(PYR₁₄TFSI) + 0.5M LiTFSI,25,2.0,500,0.411,820.7,99.0,96.86,0.0393
CeO₂,金属氧化物,1.302,56.8,17.2,0.278,Celgard 3501(PP/PE/PP),37.0,0.349,离子液体(PYR₁₄TFSI) + 0.5M LiTFSI,25,0.5,800,0.318,1029.7,96.4,93.23,0.0664
CNT,碳基,0.373,229.3,42.9,0.67,PET,21.2,0.503,DOL/DME + 1M LiTFSI,25,5.0,50,1.325,1048.7,99.0,93.37,0.2542
MIL-101(Cr),MOF/COF,2.602,2923.8,4.0,1.531,PAN,16.0,0.644,DOL/DME + 1M LiTFSI,25,0.5,300,2.634,1045.9,99.0,96.69,0.02
ZIF-67,MOF/COF,2.348,1525.3,3.6,0.769,尼龙膜,15.2,0.568,DOL/DME + 1M LiTFSI + 0.1M LiNO₃,30,5.0,100,1.977,881.0,99.0,99.9,0.02
WS₂,金属硫化物,1.885,50.3,26.8,0.112,GF/A(玻璃纤维),248.5,0.864,TEGDME + 1M LiTFSI,60,0.5,800,1.331,1030.7,99.0,94.71,0.02
ZIF-67,MOF/COF,0.845,1634.9,2.9,0.674,PVDF,31.7,0.665,TEGDME + 1M LiTFSI + 0.1M LiNO₃,30,1.0,100,1.081,1453.5,99.0,97.75,0.02
VS₂,金属硫化物,1.636,39.8,35.4,0.198,PI(聚酰亚胺),15.7,0.553,DOL/DME + 1M LiTFSI + 0.1M LiNO₃,30,2.0,200,1.325,934.9,99.0,99.9,0.02
MWCNT,碳基,1.741,213.8,50.5,0.719,纤维素膜,34.3,0.648,DOL/DME + 1M LiTFSI + 0.5M LiNO₃,30,0.2,800,1.276,1315.2,94.2,99.49,0.0265
SiO₂,其他,0.384,187.2,17.1,0.616,GF/A(玻璃纤维),268.2,0.692,砜类(DIPAS) + 1M LiTFSI,30,3.0,200,0.595,840.7,96.6,93.89,0.3166
V₂O₅,金属氧化物,2.325,34.1,47.2,0.168,Whatman GF/D,665.4,0.867,砜类(DIPAS) + 1M LiTFSI,60,0.5,1000,0.989,809.4,98.5,95.94,0.02
MnO₂,金属氧化物,1.536,87.3,30.4,0.254,Celgard 3501(PP/PE/PP),31.8,0.447,砜类(DIPAS) + 1M LiTFSI,25,1.0,500,0.547,971.3,99.0,95.75,0.0346
MIL-101(Cr),MOF/COF,1.949,3149.6,3.9,1.603,PI(聚酰亚胺),16.2,0.583,砜类(DIPAS) + 1M LiTFSI,40,0.5,100,1.46,1589.1,99.0,97.28,0.02
SnS₂,金属硫化物,1.719,40.8,36.6,0.133,Celgard 2400(PP),23.0,0.416,DOL/DME + 0.5M LiTFSI,45,1.0,100,2.01,1036.1,99.0,94.0,0.0201
TpPa-COF,MOF/COF,1.15,560.3,4.6,0.388,PVDF,33.7,0.632,砜类(DIPAS) + 1M LiTFSI,40,1.0,100,0.819,1138.4,99.0,94.95,0.0857
多孔碳球,碳基,1.835,788.8,29.2,1.081,PVDF-HFP,23.6,0.639,DOL/DME + 1M LiTFSI,45,1.0,1000,2.323,1400.8,93.8,95.25,0.02
Mo₂N,氮化物,2.001,42.0,23.2,0.131,PET,13.6,0.357,DOL/DME + 0.5M LiTFSI,60,0.2,1000,2.355,1005.1,98.8,95.96,0.02
ZIF-8,MOF/COF,0.74,1683.2,6.9,0.929,PVDF-HFP,23.5,0.791,砜类(DIPAS) + 1M LiTFSI,25,1.0,100,0.784,1347.2,99.0,92.57,0.0703
V₂O₅,金属氧化物,2.854,31.5,44.1,0.114,PVDF-HFP,32.4,0.555,TEGDME + 1M LiTFSI + 0.1M LiNO₃,45,2.0,100,0.799,488.9,99.0,99.9,0.02
TpPa-COF,MOF/COF,2.843,477.6,5.4,0.311,PET,12.4,0.519,砜类(DIPAS) + 1M LiTFSI,25,2.0,300,0.482,580.3,99.0,96.55,0.02
SnS₂,金属硫化物,1.534,36.2,36.2,0.115,PET,15.2,0.515,DOL/DME + 1M LiTFSI + 0.1M LiNO₃,40,2.0,50,1.551,985.6,99.0,99.1,0.02
ZIF-67,MOF/COF,2.77,1559.6,3.6,0.861,PET,19.7,0.433,TEGDME + 1M LiTFSI + 0.1M LiNO₃,25,1.0,100,0.896,760.9,99.0,99.9,0.02
V₂O₅,金属氧化物,2.749,50.4,37.0,0.156,PAN,17.3,0.679,DOL/DME + 1M LiTFSI + 0.1M LiNO₃,40,0.5,200,1.624,609.5,99.0,99.43,0.02
SiO₂,其他,0.648,184.1,14.7,0.555,PI(聚酰亚胺),21.6,0.649,DOL/DME + 2M LiTFSI,40,0.5,50,1.319,1126.1,99.0,92.31,0.2508
rGO,碳基,2.937,337.5,6.6,0.675,Whatman GF/D,664.6,0.862,砜类(DIPAS) + 1M LiTFSI,45,0.2,500,0.724,669.1,99.0,95.36,0.02
多孔碳球,碳基,1.69,667.7,22.8,1.295,Celgard 2400(PP),29.0,0.464,DOL/DME + 1M LiTFSI,50,0.2,500,2.494,1600.0,99.0,93.68,0.0633
MWCNT,碳基,0.402,225.6,62.4,0.603,PVDF,30.3,0.64,砜类(DIPAS) + 1M LiTFSI,30,0.2,500,0.61,1228.5,91.7,92.16,0.3161
氮掺杂碳,碳基,2.397,415.1,13.7,0.942,PVDF,29.0,0.61,DOL/DME + 0.5M LiTFSI,45,0.2,100,2.657,1079.8,99.0,95.46,0.02
TiO₂,金属氧化物,1.412,31.8,20.8,0.184,PET,23.6,0.484,TEGDME + 1M LiTFSI + 0.1M LiNO₃,40,1.0,100,0.904,990.0,99.0,98.08,0.02
NiS₂,金属硫化物,2.555,39.7,35.5,0.147,PVDF,25.2,0.587,DOL/DME + 1M LiTFSI + 0.2M LiNO₃,30,0.5,200,1.139,668.2,99.0,99.9,0.02
介孔碳(CMK-3),碳基,0.998,918.2,10.8,1.241,PVDF,32.3,0.604,DOL/DME + 1M LiTFSI + 0.2M LiNO₃,45,0.1,300,1.945,1600.0,99.0,97.66,0.0565
介孔碳(CMK-3),碳基,0.885,986.7,11.2,1.417,Celgard 2500(PE),29.7,0.651,DOL/DME + 2M LiTFSI,25,0.1,200,1.14,1426.4,99.0,93.14,0.1727
MIL-101(Cr),MOF/COF,1.074,3132.1,4.0,1.111,Whatman GF/D,665.9,0.744,DOL/DME + 1M LiTFSI + 0.2M LiNO₃,25,0.5,800,2.434,1600.0,99.0,98.77,0.02
Co₃O₄,金属氧化物,0.298,80.4,34.5,0.234,GF/A(玻璃纤维),260.8,0.68,DOL/DME + 2M LiTFSI,60,5.0,1000,1.525,960.7,79.2,91.34,0.3243
La₂O₃,金属氧化物,1.831,26.3,69.5,0.1,Celgard 2400(PP),25.5,0.45,离子液体(PYR₁₄TFSI) + 0.5M LiTFSI,25,2.0,500,0.364,801.4,99.0,94.62,0.0309
Fe₂O₃,金属氧化物,1.478,42.5,38.9,0.145,PAN,22.9,0.723,TEGDME + 1M LiTFSI + 0.1M LiNO₃,60,0.2,800,1.203,1185.0,94.1,99.31,0.02
石墨烯,碳基,1.297,391.3,9.2,1.028,Celgard 2400(PP),23.1,0.381,DOL/DME + 2M LiTFSI,30,0.5,100,1.074,1374.5,99.0,94.46,0.0577
介孔碳(CMK-3),碳基,2.995,896.3,14.3,1.655,纤维素膜,31.9,0.678,DOL/DME + 1M LiTFSI + 0.1M LiNO₃,30,0.1,100,1.661,826.2,99.0,99.6,0.02
Fe₂O₃,金属氧化物,0.89,43.9,52.6,0.173,Celgard 2400(PP),17.5,0.47,DOL/DME + 2M LiTFSI,40,0.5,500,1.158,1047.9,99.0,94.86,0.2352
MnO₂,金属氧化物,1.535,86.2,30.0,0.2,Celgard 2400(PP),24.9,0.478,TEGDME + 1M LiTFSI + 0.1M LiNO₃,25,0.1,100,0.616,1029.8,99.0,99.09,0.02
PDA(聚多巴胺),聚合物,2.665,32.6,67.2,0.072,Whatman GF/D,670.3,0.852,DOL/DME + 2M LiTFSI,50,1.0,500,1.571,479.9,99.0,95.97,0.02
Al₂O₃,金属氧化物,1.216,124.1,25.1,0.36,Celgard 2400(PP),30.4,0.364,DOL/DME + 1M LiTFSI + 0.1M LiNO₃,25,3.0,500,1.004,1022.5,92.8,98.6,0.02
CoS₂,金属硫化物,0.914,52.5,25.3,0.142,PVDF-HFP,33.2,0.682,砜类(DIPAS) + 1M LiTFSI,55,5.0,100,0.876,1077.6,99.0,92.51,0.1263
rGO,碳基,1.889,311.3,5.5,0.675,尼龙膜,20.7,0.648,TEGDME + 1M LiTFSI + 0.1M LiNO₃,55,0.5,100,1.159,1114.8,99.0,98.92,0.02
氮掺杂碳,碳基,0.11,512.2,25.2,0.961,PAN,22.1,0.645,TEGDME + 1M LiTFSI + 0.1M LiNO₃,25,1.0,100,0.563,1278.1,99.0,97.0,0.2049
rGO,碳基,1.335,334.3,5.9,0.521,Celgard 3501(PP/PE/PP),34.0,0.492,TEGDME + 1M LiTFSI + 0.1M LiNO₃,45,5.0,200,0.867,1036.3,99.0,98.54,0.02
CoS₂,金属硫化物,1.791,39.8,36.8,0.143,尼龙膜,31.9,0.66,DOL/DME + 1M LiTFSI + 0.1M LiNO₃,50,1.0,800,1.367,906.1,99.0,99.9,0.02
Co₃O₄,金属氧化物,1.655,77.9,33.8,0.285,PET,19.9,0.491,砜类(DIPAS) + 1M LiTFSI,25,0.2,100,0.548,1124.1,99.0,95.99,0.0317
Al₂O₃,金属氧化物,1.025,122.0,16.6,0.299,PAN,21.7,0.772,TEGDME + 1M LiTFSI,30,2.0,50,0.91,1045.2,99.0,93.8,0.2852
碳黑(Super P),碳基,1.431,63.6,33.0,0.243,PI(聚酰亚胺),16.7,0.457,DOL/DME + 1M LiTFSI + 0.5M LiNO₃,50,0.2,1000,1.516,1270.2,86.6,97.4,0.0752
WO₃,金属氧化物,1.063,30.6,30.9,0.116,PAN,17.5,0.801,DOL/DME + 1M LiTFSI + 0.1M LiNO₃,40,0.5,50,1.613,1108.3,99.0,97.46,0.0799
多孔碳球,碳基,1.472,871.4,25.5,1.088,Celgard 3501(PP/PE/PP),46.3,0.478,DOL/DME + 2M LiTFSI,60,0.5,500,1.82,1463.2,99.0,94.01,0.0247
Al₂O₃,金属氧化物,2.258,121.6,24.4,0.319,Celgard 2500(PE),27.1,0.492,TEGDME + 1M LiTFSI + 0.1M LiNO₃,30,2.0,500,0.558,756.4,99.0,99.79,0.02
Al₂O₃,金属氧化物,1.599,121.9,14.2,0.436,Celgard 2400(PP),26.9,0.381,TEGDME + 1M LiTFSI + 0.1M LiNO₃,30,2.0,800,0.576,961.9,97.0,98.88,0.02
ZnO,金属氧化物,0.806,26.7,52.5,0.114,Celgard 2400(PP),34.7,0.427,DOL/DME + 0.5M LiTFSI,25,1.0,1000,1.44,983.6,86.5,93.95,0.2012
ZnO,金属氧化物,1.366,29.8,75.4,0.158,尼龙膜,18.4,0.661,DOL/DME + 0.5M LiTFSI,45,1.0,800,2.141,989.8,90.8,94.57,0.15
CoS₂,金属硫化物,0.892,48.7,29.8,0.169,PI(聚酰亚胺),15.5,0.461,DOL/DME + 0.5M LiTFSI,50,0.1,100,2.131,1301.0,99.0,93.02,0.1553
MnO₂,金属氧化物,1.013,79.4,31.6,0.202,Celgard 3501(PP/PE/PP),40.6,0.421,DOL/DME + 2M LiTFSI,55,3.0,500,1.369,1055.3,95.7,93.51,0.0904
VN,氮化物,1.214,50.5,14.2,0.192,GF/A(玻璃纤维),254.5,0.849,DOL/DME + 0.5M LiTFSI,45,5.0,100,2.508,914.7,99.0,94.45,0.2035
碳黑(Super P),碳基,0.181,60.9,41.1,0.236,PVDF-HFP,29.9,0.564,DOL/DME + 1M LiTFSI + 0.5M LiNO₃,60,3.0,1000,1.698,979.0,76.4,95.84,0.1733
MWCNT,碳基,1.253,192.2,51.7,0.702,PET,24.0,0.411,TEGDME + 1M LiTFSI,60,0.2,800,1.217,1548.4,91.2,93.38,0.1081
MIL-101(Cr),MOF/COF,1.507,3154.2,2.4,1.175,PVDF,23.0,0.657,离子液体(PYR₁₄TFSI) + 0.5M LiTFSI,55,0.5,200,1.653,1593.5,99.0,92.85,0.02
WS₂,金属硫化物,0.629,35.0,34.9,0.117,Celgard 2400(PP),33.8,0.443,TEGDME + 1M LiTFSI,45,1.0,100,0.887,1082.7,97.3,92.46,0.2582
MnO₂,金属氧化物,0.801,86.8,32.9,0.268,Celgard 3501(PP/PE/PP),31.2,0.496,TEGDME + 1M LiTFSI + 0.1M LiNO₃,30,0.2,100,0.738,1116.6,99.0,98.0,0.1069
碳纳米纤维(CNF),碳基,2.887,205.3,125.6,0.557,PVDF-HFP,25.2,0.719,DOL/DME + 1M LiTFSI + 0.2M LiNO₃,50,0.2,500,1.607,730.4,99.0,98.13,0.02
TpPa-COF,MOF/COF,2.673,422.9,6.0,0.474,PI(聚酰亚胺),22.6,0.572,DOL/DME + 2M LiTFSI,25,0.5,200,0.803,714.2,99.0,95.89,0.02
氧化石墨烯(GO),碳基,0.303,385.8,6.6,0.637,Celgard 2400(PP),24.1,0.473,离子液体(PYR₁₄TFSI) + 0.5M LiTFSI,25,3.0,200,0.408,1026.2,92.8,92.05,0.261
Mo₂N,氮化物,0.288,56.7,18.8,0.206,Celgard 3501(PP/PE/PP),35.7,0.445,DOL/DME + 1M LiTFSI + 0.1M LiNO₃,25,3.0,100,1.052,866.2,99.0,96.39,0.1816
石墨烯,碳基,2.87,446.8,9.7,1.034,Celgard 2500(PE),25.9,0.454,DOL/DME + 1M LiTFSI + 0.2M LiNO₃,55,1.0,500,1.687,692.0,99.0,98.86,0.02
碳纳米纤维(CNF),碳基,0.228,184.1,104.1,0.589,Celgard 3501(PP/PE/PP),34.8,0.321,DOL/DME + 1M LiTFSI + 0.1M LiNO₃,25,0.2,500,0.949,1275.8,83.2,95.64,0.1505
ZIF-67,MOF/COF,2.718,1605.2,3.8,0.567,PI(聚酰亚胺),25.4,0.493,DOL/DME + 1M LiTFSI + 0.1M LiNO₃,25,5.0,100,1.488,691.9,99.0,99.9,0.02
介孔碳(CMK-3),碳基,2.583,1071.3,10.2,1.582,纤维素膜,35.9,0.693,DOL/DME + 1M LiTFSI + 0.2M LiNO₃,30,0.2,1000,1.434,983.6,97.8,98.57,0.02
rGO,碳基,1.372,342.0,6.2,1.05,PVDF,23.0,0.64,离子液体(PYR₁₄TFSI) + 0.5M LiTFSI,60,1.0,500,0.834,1406.3,99.0,94.47,0.1416
TpPa-COF,MOF/COF,2.618,583.6,5.8,0.337,PVDF,34.3,0.664,砜类(DIPAS) + 1M LiTFSI,25,3.0,100,0.738,645.8,99.0,96.36,0.02
TiN,氮化物,1.103,80.3,22.6,0.215,Celgard 3501(PP/PE/PP),36.0,0.477,DOL/DME + 1M LiTFSI + 0.1M LiNO₃,25,1.0,200,1.103,1025.8,99.0,99.9,0.02
rGO,碳基,2.502,365.4,6.8,0.796,纤维素膜,37.9,0.692,DOL/DME + 1M LiTFSI,40,5.0,1000,1.802,791.6,97.2,95.26,0.0248
WS₂,金属硫化物,1.19,35.0,28.0,0.163,Whatman GF/D,672.8,0.882,TEGDME + 1M LiTFSI,35,0.2,500,0.982,1140.0,97.1,94.95,0.1488
MWCNT,碳基,0.195,212.1,26.1,0.482,Celgard 2500(PE),26.2,0.538,DOL/DME + 1M LiTFSI + 0.1M LiNO₃,60,0.2,200,2.049,1274.6,93.7,94.93,0.2215
MWCNT,碳基,1.873,196.5,58.7,0.663,Celgard 3501(PP/PE/PP),39.4,0.553,DOL/DME + 0.5M LiTFSI,45,2.0,100,2.144,1104.4,99.0,94.53,0.0731
MWCNT,碳基,0.186,214.4,44.3,0.567,PVDF,21.5,0.59,DOL/DME + 1M LiTFSI + 0.5M LiNO₃,25,0.1,1000,1.018,1132.6,74.1,96.18,0.2461
Mo₂N,氮化物,2.251,44.8,21.2,0.179,PVDF-HFP,30.6,0.594,DOL/DME + 0.5M LiTFSI,40,0.1,300,1.607,944.9,99.0,95.09,0.02
碳纳米纤维(CNF),碳基,1.125,173.4,126.6,0.532,尼龙膜,23.6,0.631,DOL/DME + 0.5M LiTFSI,25,0.2,800,1.612,1333.9,86.7,92.15,0.2436
ZnO,金属氧化物,2.005,29.7,58.1,0.137,PVDF-HFP,25.5,0.613,DOL/DME + 1M LiTFSI + 0.1M LiNO₃,40,0.1,200,1.604,997.4,99.0,99.9,0.02
碳黑(Super P),碳基,1.707,54.2,50.1,0.214,Whatman GF/D,665.3,0.824,离子液体(PYR₁₄TFSI) + 0.5M LiTFSI,55,0.5,200,0.619,1042.9,99.0,92.17,0.1936
Fe₂O₃,金属氧化物,2.073,49.2,44.1,0.138,尼龙膜,24.1,0.561,TEGDME + 1M LiTFSI + 0.1M LiNO₃,30,0.5,200,0.684,890.5,99.0,99.72,0.02
CoS₂,金属硫化物,2.71,45.3,30.4,0.127,PAN,20.4,0.748,DOL/DME + 1M LiTFSI + 0.1M LiNO₃,35,1.0,50,1.498,649.3,99.0,99.57,0.02
石墨烯,碳基,2.306,412.6,9.3,1.068,Celgard 2500(PE),21.8,0.62,离子液体(PYR₁₄TFSI) + 0.5M LiTFSI,25,0.1,500,0.4,1100.4,99.0,95.27,0.02
V₂O₅,金属氧化物,2.029,40.0,32.2,0.11,PAN,27.0,0.643,DOL/DME + 1M LiTFSI + 0.1M LiNO₃,40,5.0,200,1.581,727.9,99.0,99.9,0.02
WS₂,金属硫化物,2.71,44.0,29.2,0.139,PVDF-HFP,26.7,0.635,DOL/DME + 1M LiTFSI,25,1.0,50,1.212,519.3,99.0,96.5,0.02
碳黑(Super P),碳基,2.651,69.2,41.6,0.277,PVDF-HFP,33.9,0.678,TEGDME + 1M LiTFSI + 0.1M LiNO₃,45,0.2,100,0.822,782.0,99.0,98.51,0.0643
碳黑(Super P),碳基,1.865,62.6,35.9,0.259,尼龙膜,24.2,0.544,DOL/DME + 2M LiTFSI,25,1.0,800,0.855,960.7,92.7,92.69,0.1244
氧化石墨烯(GO),碳基,2.187,331.8,5.9,0.728,PVDF,29.4,0.599,DOL/DME + 1M LiTFSI + 0.1M LiNO₃,45,1.0,200,1.789,1052.1,99.0,99.71,0.02
MnO₂,金属氧化物,1.829,67.4,32.6,0.229,Celgard 2400(PP),15.7,0.372,DOL/DME + 0.5M LiTFSI,25,3.0,500,1.437,850.5,99.0,96.15,0.02
TpPa-COF,MOF/COF,2.171,548.3,7.7,0.39,Whatman GF/D,665.1,0.866,TEGDME + 1M LiTFSI + 0.1M LiNO₃,35,0.1,1000,1.113,1148.8,99.0,99.9,0.02
La₂O₃,金属氧化物,1.315,22.6,69.6,0.112,PI(聚酰亚胺),15.4,0.565,离子液体(PYR₁₄TFSI) + 0.5M LiTFSI,35,0.1,1000,0.439,1148.5,85.7,94.01,0.1113
rGO,碳基,0.613,350.6,6.8,0.744,PVDF,34.8,0.551,DOL/DME + 1M LiTFSI,40,0.2,1000,1.504,1360.8,75.7,92.92,0.2258
CNT,碳基,1.975,291.0,38.5,0.844,Whatman GF/D,666.1,0.794,离子液体(PYR₁₄TFSI) + 0.5M LiTFSI,50,2.0,500,0.728,1146.6,99.0,95.74,0.051
La₂O₃,金属氧化物,1.764,15.9,56.6,0.097,PVDF-HFP,23.1,0.565,DOL/DME + 2M LiTFSI,45,2.0,100,1.141,911.8,99.0,94.23,0.0776
Mo₂N,氮化物,2.502,43.3,26.5,0.127,PVDF,29.4,0.609,TEGDME + 1M LiTFSI + 0.1M LiNO₃,25,0.1,800,0.588,792.3,99.0,98.88,0.02
BN,氮化物,1.658,28.6,35.2,0.119,GF/A(玻璃纤维),259.7,0.79,TEGDME + 1M LiTFSI + 0.1M LiNO₃,25,0.2,1000,0.753,1019.2,89.4,99.24,0.02
氧化石墨烯(GO),碳基,1.705,386.4,3.9,0.6,PVDF,22.0,0.616,DOL/DME + 1M LiTFSI + 0.1M LiNO₃,35,1.0,500,1.602,1206.3,99.0,99.9,0.02
rGO,碳基,0.589,384.8,6.9,0.888,纤维素膜,32.4,0.6,离子液体(PYR₁₄TFSI) + 0.5M LiTFSI,35,5.0,500,0.532,1119.8,88.8,92.46,0.1806
ZIF-8,MOF/COF,2.084,1454.7,4.1,0.649,尼龙膜,27.7,0.615,TEGDME + 1M LiTFSI,35,0.1,50,1.196,1294.8,99.0,96.54,0.02
COF-LZU1,MOF/COF,1.491,557.1,8.1,0.285,PAN,13.7,0.679,DOL/DME + 1M LiTFSI,45,0.5,500,2.114,1208.4,99.0,94.69,0.094
MIL-101(Cr),MOF/COF,1.135,2910.4,3.4,1.503,Celgard 2500(PE),25.4,0.564,DOL/DME + 1M LiTFSI,25,0.5,1000,2.408,1592.4,99.0,95.67,0.02
COF-LZU1,MOF/COF,2.44,323.8,6.3,0.367,PVDF,16.4,0.604,DOL/DME + 2M LiTFSI,25,1.0,500,0.987,808.7,99.0,97.27,0.02
Fe₂O₃,金属氧化物,1.046,33.0,39.2,0.122,PVDF-HFP,21.8,0.702,DOL/DME + 1M LiTFSI + 0.1M LiNO₃,45,0.5,1000,1.504,1176.8,85.2,97.83,0.0726
BN,氮化物,2.846,22.1,56.5,0.122,尼龙膜,5.0,0.618,砜类(DIPAS) + 1M LiTFSI,35,0.2,100,0.556,542.5,99.0,94.95,0.1004
BN,氮化物,2.445,26.4,58.9,0.107,PET,14.0,0.514,DOL/DME + 1M LiTFSI,50,2.0,100,1.642,735.3,99.0,95.44,0.0297
氧化石墨烯(GO),碳基,2.715,353.6,4.3,0.63,PVDF-HFP,33.3,0.658,DOL/DME + 1M LiTFSI + 0.2M LiNO₃,55,0.5,500,1.706,683.3,99.0,99.9,0.02
BN,氮化物,2.66,25.5,34.7,0.123,PI(聚酰亚胺),27.1,0.426,DOL/DME + 0.5M LiTFSI,50,0.5,500,1.852,717.6,99.0,94.42,0.02
TiO₂,金属氧化物,0.099,50.5,30.6,0.16,PVDF,30.7,0.627,砜类(DIPAS) + 1M LiTFSI,60,5.0,200,0.926,847.2,96.4,92.19,0.3621
g-C₃N₄,氮化物,0.951,87.5,18.4,0.294,Whatman GF/D,672.5,0.789,离子液体(PYR₁₄TFSI) + 0.5M LiTFSI,25,0.2,100,0.411,1102.3,99.0,93.56,0.216
SnS₂,金属硫化物,0.399,36.2,39.8,0.163,PVDF-HFP,26.1,0.623,砜类(DIPAS) + 1M LiTFSI,50,3.0,200,0.755,939.2,92.6,93.06,0.299
BN,氮化物,1.512,28.7,42.4,0.106,PVDF-HFP,23.0,0.716,DOL/DME + 1M LiTFSI + 0.2M LiNO₃,30,0.2,50,1.143,1203.6,99.0,97.7,0.02
MoS₂,金属硫化物,1.58,50.4,27.4,0.202,Celgard 2500(PE),28.9,0.562,DOL/DME + 1M LiTFSI + 0.1M LiNO₃,25,0.5,100,1.276,893.7,99.0,99.9,0.02
MIL-101(Cr),MOF/COF,1.951,2959.8,4.8,1.263,Celgard 2500(PE),15.7,0.529,DOL/DME + 1M LiTFSI + 0.5M LiNO₃,40,0.2,500,2.886,1554.4,99.0,99.9,0.02
SnS₂,金属硫化物,1.228,44.6,38.3,0.168,Celgard 2400(PP),25.5,0.418,DOL/DME + 1M LiTFSI,25,1.0,500,1.07,1126.1,98.7,94.91,0.1154
PANI(聚苯胺),聚合物,2.406,33.3,62.6,0.107,GF/A(玻璃纤维),254.9,0.774,TEGDME + 1M LiTFSI,25,0.5,800,0.714,639.0,98.4,95.41,0.02
rGO,碳基,0.573,299.4,4.3,0.82,PVDF,27.1,0.576,DOL/DME + 1M LiTFSI,25,1.0,800,1.252,1240.5,82.8,93.48,0.2322
MoS₂,金属硫化物,0.606,52.6,26.3,0.159,PVDF,26.0,0.588,DOL/DME + 2M LiTFSI,25,3.0,100,0.925,945.9,99.0,93.54,0.2226
ZIF-67,MOF/COF,0.338,1481.4,5.6,0.798,Celgard 2500(PE),12.2,0.617,砜类(DIPAS) + 1M LiTFSI,25,0.5,800,0.543,1338.9,94.6,92.74,0.1271
MnO₂,金属氧化物,1.898,91.5,35.1,0.346,PAN,18.9,0.701,DOL/DME + 0.5M LiTFSI,50,1.0,100,2.536,1014.2,99.0,94.21,0.02
V₂O₅,金属氧化物,0.761,35.9,32.0,0.158,Whatman GF/D,666.6,0.849,砜类(DIPAS) + 1M LiTFSI,55,1.0,50,0.96,1021.6,99.0,91.18,0.2925
VS₂,金属硫化物,1.523,41.7,22.4,0.143,Celgard 3501(PP/PE/PP),36.8,0.41,砜类(DIPAS) + 1M LiTFSI,45,0.2,100,0.767,1127.6,99.0,95.6,0.02
WS₂,金属硫化物,0.434,32.8,32.4,0.159,PVDF-HFP,33.6,0.602,离子液体(PYR₁₄TFSI) + 0.5M LiTFSI,60,0.1,500,0.607,1248.7,93.1,92.93,0.2928
HKUST-1,MOF/COF,1.348,1858.2,5.3,0.923,PET,18.8,0.458,DOL/DME + 2M LiTFSI,35,0.5,200,1.658,1461.4,99.0,95.0,0.02
WS₂,金属硫化物,2.541,39.3,35.5,0.145,Celgard 2500(PE),22.4,0.529,DOL/DME + 1M LiTFSI + 0.2M LiNO₃,35,0.5,500,1.156,741.6,99.0,99.9,0.02
ZnO,金属氧化物,1.359,38.6,38.7,0.114,PET,22.6,0.488,DOL/DME + 1M LiTFSI,25,0.5,800,1.324,996.4,97.0,93.8,0.1016
