填料类型,填料类别,填料含量(wt%),比表面积(m²/g),粒径(nm),基底/聚合物,膜厚度(μm),温度(°C),压力(MPa),倍率(C),循环次数,离子电导率(mS/cm),界面阻抗(Ω·cm²),初始比容量(mAh/g),容量保持率(%),库伦效率(%),电化学窗口(V)
Na₃PS₄(参考),硫化物,25.9,18.9,583.5,PVDF-HFP,37.6,25,310.9,1.0,100,0.01743,59.3,439.3,94.6,96.77,2.66
Li₉.₅₄Si₁.₇₄P₁.₄₄S₁₁.₇Cl₀.₃,硫化物,22.3,6.6,1264.3,PAN(聚丙烯腈),47.5,60,184.0,1.0,100,1.20555,79.2,859.2,92.3,95.43,2.37
LLZO/PVDF纳米纤维,复合,16.4,56.6,73.3,PAN(聚丙烯腈),10.0,40,450.4,0.2,300,0.00514,31.2,703.4,98.0,97.34,4.49
Na₃PS₄(参考),硫化物,27.5,8.6,577.9,PCL(聚己内酯),54.9,60,246.6,0.05,100,0.06608,45.8,853.5,91.2,96.97,2.58
LLTO(Li₃xLa₂/₃-xTiO₃),氧化物,56.9,13.6,711.5,PEG(聚乙二醇),42.3,55,191.7,0.2,100,1.34697,105.2,783.1,98.0,96.09,5.0
Li₁.₄Al₀.₄Ti₁.₆(PO₄)₃,氧化物,29.7,20.8,282.1,PCL(聚己内酯),57.1,25,361.4,0.5,100,0.01839,57.6,501.5,98.0,97.74,4.97
Li₆PS₅Br,硫化物,49.0,8.3,827.3,PEG(聚乙二醇),29.8,70,280.9,0.05,500,2.23143,64.2,982.5,89.3,96.92,2.43
Li₁.₄Al₀.₄Ti₁.₆(PO₄)₃,氧化物,70.8,24.1,270.9,PEG(聚乙二醇),34.0,30,298.6,0.5,800,0.18953,88.6,583.3,84.2,98.21,5.01
LLZO/PVDF纳米纤维,复合,60.1,50.7,103.9,PAN(聚丙烯腈),37.3,80,320.3,0.2,100,0.50227,33.0,999.3,98.0,95.22,4.44
LLZO@GO复合,复合,13.9,160.1,49.7,纤维素基,39.0,80,237.6,0.1,200,0.02187,30.3,1007.4,98.0,96.3,4.22
Li₃PS₄,硫化物,40.8,15.6,568.1,PPC(聚碳酸亚丙酯),33.4,55,312.8,0.5,300,0.43591,39.7,736.9,98.0,96.56,2.6
LLZO@GO复合,复合,19.7,134.7,39.4,PVA(聚乙烯醇),15.0,45,272.4,0.5,50,0.01821,38.5,677.6,98.0,99.23,4.23
Li₆PS₅Br,硫化物,60.2,11.7,626.8,PEO(聚环氧乙烷),50.6,50,353.1,0.2,100,1.66917,65.1,865.7,98.0,97.17,2.49
LLZO/PVDF纳米纤维,复合,65.5,55.2,60.1,PVDF,45.4,25,355.8,0.5,100,0.11137,61.9,631.8,98.0,97.32,4.52
Li₃PS₄,硫化物,74.2,12.5,309.2,PVDF-HFP,32.8,60,250.8,0.5,200,1.14365,45.5,761.0,90.4,95.89,2.52
Li₂S-P₂S₅(75:25),硫化物,43.9,12.7,690.9,PVA(聚乙烯醇),22.7,25,203.8,0.2,100,0.54126,84.6,710.2,95.5,96.17,2.43
LATP/CNT复合,复合,57.9,145.8,55.3,PEO(聚环氧乙烷),41.5,60,218.4,0.2,100,0.57346,50.7,882.4,98.0,96.04,4.33
LLZO(Li₇La₃Zr₂O₁₂),氧化物,21.8,10.9,697.7,PAN(聚丙烯腈),19.1,25,183.5,0.2,200,0.00804,105.9,498.3,98.0,97.85,5.07
LLTO(Li₃xLa₂/₃-xTiO₃),氧化物,71.0,12.1,582.5,PVDF-HFP,39.8,70,499.1,0.1,200,2.70359,51.2,1078.9,96.1,97.04,4.61
Li₁.₄Al₀.₄Ti₁.₆(PO₄)₃,氧化物,35.5,23.8,405.5,PI(聚酰亚胺),36.0,70,485.4,0.2,100,0.23795,38.8,908.2,98.0,96.84,5.15
Li₉.₅₄Si₁.₇₄P₁.₄₄S₁₁.₇Cl₀.₃,硫化物,43.7,4.9,866.8,PEG(聚乙二醇),42.9,30,261.5,0.2,200,7.86361,106.1,836.6,98.0,97.14,2.64
Li₆PS₅Br,硫化物,35.9,8.6,720.9,尼龙6,40.6,55,173.2,0.1,800,0.74344,55.3,805.5,81.0,96.39,2.36
LATP(Li₁.₃Al₀.₃Ti₁.₇(PO₄)₃),氧化物,47.9,15.4,357.2,PI(聚酰亚胺),34.3,40,147.0,0.1,200,0.19405,93.5,814.7,98.0,96.18,5.11
Li₇P₃S₁₁,硫化物,45.4,7.4,683.5,纤维素基,43.2,45,441.0,0.5,200,1.21338,48.7,843.8,98.0,96.27,2.31
Li₃PS₄,硫化物,66.6,11.4,539.7,PVA(聚乙烯醇),29.9,60,384.1,0.05,50,1.06713,43.5,1053.3,98.0,96.0,2.35
Li₂S-P₂S₅(75:25),硫化物,43.9,9.9,645.5,PMMA(聚甲基丙烯酸甲酯),44.5,30,228.0,0.5,200,0.70836,70.4,660.9,93.1,97.47,2.49
Li₁.₄Al₀.₄Ti₁.₆(PO₄)₃,氧化物,43.9,24.0,326.7,PCL(聚己内酯),63.1,45,75.9,1.0,100,0.19247,93.0,669.8,97.3,97.23,5.0
Li₃ScCl₆,卤化物,31.0,9.3,530.2,PAN(聚丙烯腈),35.2,30,59.3,0.2,300,0.58011,108.2,634.6,93.6,98.01,3.81
LATP/CNT复合,复合,14.4,120.8,64.0,PVA(聚乙烯醇),28.4,45,218.8,0.5,50,0.00687,43.8,655.7,98.0,97.06,4.47
Li₇P₃S₁₁,硫化物,59.3,6.8,683.5,PEO(聚环氧乙烷),42.9,55,458.2,1.0,100,1.75252,52.8,702.6,98.0,97.12,2.67
LAGP(Li₁.₅Al₀.₅Ge₁.₅(PO₄)₃),氧化物,77.0,18.0,315.8,PPC(聚碳酸亚丙酯),34.6,30,456.2,0.1,200,0.33118,73.3,681.5,98.0,97.26,5.0
Li₆PS₅Br,硫化物,64.7,10.8,562.6,PAN(聚丙烯腈),23.9,60,186.5,0.2,500,1.99565,78.2,895.3,90.9,97.84,2.41
Li₆PS₅Br,硫化物,16.9,7.8,628.0,PPC(聚碳酸亚丙酯),36.3,80,393.0,0.05,100,0.07821,22.7,984.7,98.0,95.75,2.49
LLZO@GO复合,复合,48.3,201.6,51.5,纤维素基,53.7,50,188.4,0.2,500,0.30498,51.8,807.2,96.2,98.13,4.4
LAGP(Li₁.₅Al₀.₅Ge₁.₅(PO₄)₃),氧化物,12.6,16.5,496.1,PEO(聚环氧乙烷),50.5,25,178.4,0.5,300,0.01383,84.0,439.3,95.4,97.97,5.05
Li₃InCl₆,卤化物,19.4,13.2,405.6,PEG(聚乙二醇),39.6,50,379.9,0.5,100,0.08273,45.8,704.1,98.0,97.06,4.15
Li₁₀GeP₂S₁₂(LGPS),硫化物,68.6,6.8,1107.5,PI(聚酰亚胺),35.5,50,297.2,0.2,100,13.88067,77.7,955.1,95.2,98.19,2.38
LLZO-Nb,氧化物,23.4,9.6,516.9,PCL(聚己内酯),54.8,40,463.9,0.1,500,0.0281,51.3,662.3,95.5,98.33,5.2
Li₂S-P₂S₅(75:25),硫化物,32.9,9.7,561.6,PVDF-HFP,28.6,30,257.5,0.5,100,0.36202,51.3,650.2,98.0,97.38,2.56
LATP/CNT复合,复合,50.9,197.6,61.0,PVDF,40.0,80,208.1,0.1,500,0.80455,44.8,1033.7,87.8,95.5,4.74
LATP(Li₁.₃Al₀.₃Ti₁.₇(PO₄)₃),氧化物,65.7,17.0,219.6,尼龙6,44.7,45,267.9,0.2,200,0.32794,81.3,788.5,94.2,98.24,4.81
LLZO(Li₇La₃Zr₂O₁₂),氧化物,56.8,13.8,524.0,PAN(聚丙烯腈),41.7,50,317.6,0.2,800,0.27801,66.4,805.6,90.8,98.26,5.02
LAGP(Li₁.₅Al₀.₅Ge₁.₅(PO₄)₃),氧化物,48.5,15.3,430.8,PEG(聚乙二醇),41.2,50,96.6,0.05,300,0.3145,117.3,856.2,92.8,96.49,5.16
Li₆PS₅Cl,硫化物,32.4,4.7,940.6,PPC(聚碳酸亚丙酯),24.2,40,454.0,0.2,200,0.73889,45.8,765.3,95.6,96.67,2.68
Li₁.₄Al₀.₄Ti₁.₆(PO₄)₃,氧化物,26.3,14.9,349.5,PI(聚酰亚胺),27.9,55,243.9,0.2,500,0.02702,56.1,756.4,97.8,97.49,4.77
LLZO@GO复合,复合,79.6,216.7,46.2,PPC(聚碳酸亚丙酯),25.4,25,425.9,0.5,300,0.38669,42.2,638.2,98.0,97.87,4.45
Li₆PS₅Br,硫化物,24.4,9.5,733.2,PPC(聚碳酸亚丙酯),55.9,25,209.3,0.05,300,0.06155,63.6,678.6,94.1,97.24,2.88
Li₁₀GeP₂S₁₂(LGPS),硫化物,74.5,4.0,949.6,纤维素基,53.8,25,458.8,0.1,200,8.75646,75.1,839.6,90.7,98.05,2.56
Li₁₀GeP₂S₁₂(LGPS),硫化物,23.7,5.5,1019.8,PPC(聚碳酸亚丙酯),30.6,60,482.1,0.2,50,0.73307,38.3,909.1,94.1,98.06,2.71
LAGP(Li₁.₅Al₀.₅Ge₁.₅(PO₄)₃),氧化物,51.4,15.2,435.2,PVDF,36.6,60,391.4,0.2,100,0.43514,56.8,814.1,98.0,97.55,4.95
Li₁₀GeP₂S₁₂(LGPS),硫化物,52.3,6.9,1016.0,尼龙6,37.1,30,132.7,1.0,200,4.78735,110.2,642.4,95.1,96.26,2.38
LATP/CNT复合,复合,57.2,103.2,73.3,PCL(聚己内酯),54.8,80,353.3,0.5,500,0.77906,39.2,960.4,93.6,96.55,4.53
Li₃PS₄,硫化物,23.1,15.9,650.4,PVDF,43.0,70,120.9,0.05,100,0.05318,54.9,904.8,95.1,95.77,2.49
LLZO(Li₇La₃Zr₂O₁₂),氧化物,54.9,16.3,533.6,PEO(聚环氧乙烷),55.6,50,410.9,0.5,100,0.28352,71.3,800.1,98.0,97.82,5.03
Li₆PS₅Cl,硫化物,71.4,8.0,786.9,PVDF,33.6,30,55.7,1.0,200,1.67123,109.9,518.4,90.2,95.4,2.49
Li₁.₄Al₀.₄Ti₁.₆(PO₄)₃,氧化物,56.7,19.9,355.8,PEO(聚环氧乙烷),42.1,30,479.5,0.05,50,0.12984,65.9,654.7,98.0,97.2,5.15
Na₃PS₄(参考),硫化物,38.9,20.1,616.6,PVDF,46.3,25,66.2,0.05,800,0.14953,123.9,637.2,82.6,96.28,2.29
Li₃YCl₆,卤化物,15.2,11.6,395.9,PVDF-HFP,23.5,80,55.0,0.1,200,0.04787,54.8,877.9,98.0,96.28,3.97
Li₆PS₅Br,硫化物,73.2,7.5,801.9,PI(聚酰亚胺),18.5,25,387.0,0.5,100,1.24883,60.2,574.5,97.3,96.75,2.37
Li₆PS₅Br,硫化物,74.1,11.6,850.4,纤维素基,43.2,60,113.7,0.1,200,2.73599,120.1,907.2,92.1,95.21,2.55
Li₃PS₄,硫化物,79.4,14.7,592.4,纤维素基,45.7,40,445.0,0.2,300,0.7382,71.1,787.7,94.5,97.94,2.36
Li₆PS₅Br,硫化物,13.4,8.3,767.1,纤维素基,31.2,50,315.4,0.1,800,0.02454,45.4,677.4,85.6,97.43,2.82
Li₁.₄Al₀.₄Ti₁.₆(PO₄)₃,氧化物,65.5,23.1,295.9,PI(聚酰亚胺),16.1,30,395.2,0.2,300,0.15388,62.0,617.2,98.0,97.9,4.9
LISICON(Li₂+2xZn₁-xGeO₄),磷酸盐,55.3,26.1,219.5,PMMA(聚甲基丙烯酸甲酯),52.9,70,223.5,0.1,100,0.24073,54.1,1058.7,98.0,96.55,5.57
Li₂ZrCl₆,卤化物,73.0,15.2,431.4,PVDF,41.9,55,474.9,0.5,100,1.15169,55.5,872.8,98.0,97.8,3.87
Li₆PS₅Br,硫化物,16.4,8.5,882.9,PPC(聚碳酸亚丙酯),42.7,25,135.4,0.5,200,0.02499,66.2,534.5,95.7,97.03,2.44
Li₃PS₄,硫化物,10.5,10.5,542.2,PPC(聚碳酸亚丙酯),42.4,60,80.9,0.5,500,0.01069,49.9,568.6,83.2,95.41,2.6
Li₃PO₄,磷酸盐,30.0,42.4,139.4,PVA(聚乙烯醇),38.7,80,494.6,0.2,100,0.00253,30.0,827.8,98.0,97.88,5.55
Li₁₀GeP₂S₁₂(LGPS),硫化物,45.4,5.3,911.3,PVA(聚乙烯醇),32.0,40,153.3,0.2,100,5.8264,87.0,802.6,97.9,97.28,2.5
Li₃InCl₆,卤化物,62.7,8.4,552.6,PVA(聚乙烯醇),20.4,50,308.2,0.1,100,1.61713,71.3,939.5,98.0,97.21,4.4
LAGP(Li₁.₅Al₀.₅Ge₁.₅(PO₄)₃),氧化物,74.1,18.7,321.6,PEG(聚乙二醇),39.1,55,215.3,0.5,200,0.81237,96.1,774.6,98.0,96.25,5.35
Li₃YCl₆,卤化物,39.4,13.1,230.2,PCL(聚己内酯),72.2,30,160.5,0.5,300,0.28793,61.5,595.8,95.5,97.15,3.85
Li₃PS₄,硫化物,29.4,10.9,689.9,PPC(聚碳酸亚丙酯),29.5,30,306.8,0.1,800,0.03446,46.2,666.6,82.5,96.99,2.13
Li₆PS₅Br,硫化物,31.6,8.4,620.4,PI(聚酰亚胺),26.3,45,346.5,0.2,500,0.54218,52.7,837.1,95.9,97.69,2.41
Na₃PS₄(参考),硫化物,46.3,13.0,563.2,PCL(聚己内酯),52.6,30,228.6,0.2,500,0.16549,76.1,650.5,93.1,97.53,2.7
Li₂S-P₂S₅(75:25),硫化物,50.8,11.8,726.0,纤维素基,52.2,30,229.3,0.1,300,0.79526,83.2,717.1,90.5,96.26,2.36
Li₁.₄Al₀.₄Ti₁.₆(PO₄)₃,氧化物,60.7,22.6,332.0,PPC(聚碳酸亚丙酯),32.9,80,145.8,0.5,200,0.67369,65.4,997.3,94.3,95.07,5.06
LATP/CNT复合,复合,19.0,139.2,76.1,尼龙6,45.4,60,440.1,0.1,100,0.0236,21.4,865.8,98.0,96.18,4.67
Li₆PS₅Br,硫化物,34.9,8.3,767.6,PPC(聚碳酸亚丙酯),39.1,25,397.7,0.1,200,0.46612,48.1,643.0,98.0,97.1,2.77
LiPON,磷酸盐,45.0,47.3,104.5,PEO(聚环氧乙烷),61.6,30,423.3,0.5,200,0.0133,56.2,522.1,98.0,97.36,5.26
Li₂B₁₂H₁₂,硼氢化物,64.2,30.0,275.3,PVA(聚乙烯醇),26.3,45,270.7,0.2,100,0.50661,66.3,768.0,98.0,97.66,3.13
Li₆PS₅Br,硫化物,53.7,7.5,913.6,PEG(聚乙二醇),41.4,45,493.9,0.2,200,1.28403,54.1,748.9,98.0,97.56,2.44
Li₃ScCl₆,卤化物,27.1,9.3,598.0,PCL(聚己内酯),42.9,40,214.8,0.05,200,0.26342,59.0,907.0,91.1,97.49,4.33
LLZO-Nb,氧化物,12.1,14.3,418.9,PMMA(聚甲基丙烯酸甲酯),42.9,80,241.1,0.2,200,0.01884,36.8,829.6,98.0,96.05,4.58
LLZO-Nb,氧化物,74.0,16.6,499.1,PVA(聚乙烯醇),27.6,60,435.2,0.05,300,1.10305,61.7,948.5,98.0,96.65,5.33
Li₂ZrCl₆,卤化物,69.2,22.7,350.3,PMMA(聚甲基丙烯酸甲酯),57.5,60,480.1,0.5,100,1.44157,41.3,843.0,98.0,97.64,3.94
LLZO-Nb,氧化物,62.8,12.5,433.4,尼龙6,30.2,60,486.7,0.5,100,0.88913,50.6,867.1,98.0,97.32,4.81
LLZO-Ta,氧化物,29.8,11.3,392.4,PMMA(聚甲基丙烯酸甲酯),30.1,60,91.8,0.1,100,0.10496,59.4,823.4,98.0,96.27,4.88
Li₆PS₅Cl,硫化物,38.5,11.8,822.6,PCL(聚己内酯),66.8,45,336.2,0.2,800,1.38761,54.4,836.4,87.4,96.04,2.58
Na₃PS₄(参考),硫化物,73.8,16.6,552.7,尼龙6,32.3,40,476.9,1.0,50,0.48073,47.7,625.0,98.0,98.13,2.56
Li₁.₄Al₀.₄Ti₁.₆(PO₄)₃,氧化物,42.8,20.5,252.7,PPC(聚碳酸亚丙酯),36.4,60,396.2,0.2,500,0.31145,37.5,812.1,83.9,96.81,5.21
LAGP(Li₁.₅Al₀.₅Ge₁.₅(PO₄)₃),氧化物,27.2,11.8,451.7,PVDF-HFP,27.6,25,394.2,0.1,500,0.01773,61.1,564.5,92.8,97.5,4.72
LLZO-Ta,氧化物,13.8,12.4,423.5,PEO(聚环氧乙烷),52.0,25,300.1,0.1,50,0.01239,73.6,535.3,98.0,97.23,5.03
Li₂B₁₂H₁₂,硼氢化物,63.5,27.0,212.8,PVA(聚乙烯醇),35.1,25,111.3,0.1,300,0.24362,86.8,704.4,91.5,96.7,2.78
LATP(Li₁.₃Al₀.₃Ti₁.₇(PO₄)₃),氧化物,26.8,18.4,403.2,PCL(聚己内酯),57.8,25,460.2,0.1,800,0.01626,54.3,587.1,86.3,98.14,4.79
LATP(Li₁.₃Al₀.₃Ti₁.₇(PO₄)₃),氧化物,61.6,20.5,322.3,PEG(聚乙二醇),11.4,25,80.4,0.5,200,0.18193,107.8,512.8,89.6,98.04,4.95
LAGP(Li₁.₅Al₀.₅Ge₁.₅(PO₄)₃),氧化物,31.9,18.1,408.3,PEO(聚环氧乙烷),62.6,60,72.9,0.05,300,0.3223,93.1,878.8,93.5,96.56,5.26
Li₁.₄Al₀.₄Ti₁.₆(PO₄)₃,氧化物,63.8,24.7,275.5,纤维素基,38.4,70,313.6,0.5,200,0.56852,63.8,858.1,94.9,96.5,5.15
Li₆PS₅Cl,硫化物,57.0,8.5,801.9,纤维素基,40.7,55,486.2,0.5,200,2.76502,48.7,768.7,97.5,97.43,2.46
Li₉.₅₄Si₁.₇₄P₁.₄₄S₁₁.₇Cl₀.₃,硫化物,29.0,4.8,730.1,PEG(聚乙二醇),39.6,50,127.3,0.2,300,2.30519,84.8,853.2,93.8,95.49,2.37
Li₆PS₅Br,硫化物,18.7,6.6,705.8,PVA(聚乙烯醇),25.4,80,430.8,0.05,100,0.12026,30.3,1087.2,96.0,96.4,2.48
Li₇P₃S₁₁,硫化物,51.1,7.5,910.1,PMMA(聚甲基丙烯酸甲酯),42.1,60,184.5,0.5,300,2.02471,70.1,832.5,87.6,95.67,2.57
LLZO(Li₇La₃Zr₂O₁₂),氧化物,21.7,13.2,548.8,PEO(聚环氧乙烷),45.0,45,451.9,0.05,500,0.03663,54.7,846.9,98.0,97.76,4.79
Li₆PS₅Cl,硫化物,79.7,10.0,891.6,PVDF-HFP,28.2,70,176.4,0.2,200,5.5498,76.0,1039.0,91.1,95.98,2.15
LLZO(Li₇La₃Zr₂O₁₂),氧化物,58.7,10.2,446.0,PVDF,40.9,60,239.5,0.2,50,0.53497,81.8,809.2,98.0,97.5,5.27
LiBH₄,硼氢化物,18.6,24.7,209.1,尼龙6,49.7,25,240.8,0.1,200,0.01034,47.9,533.4,98.0,96.75,2.89
LiPON,磷酸盐,35.1,48.1,88.9,PI(聚酰亚胺),24.9,40,432.3,0.05,500,0.0008,41.5,619.3,94.1,97.62,5.24
Li₆PS₅Cl,硫化物,77.6,8.0,752.1,PVDF,38.5,80,258.4,1.0,300,6.84994,62.1,1029.4,93.1,95.6,2.51
Li₂ZrCl₆,卤化物,58.2,16.0,367.7,PEO(聚环氧乙烷),45.3,80,384.8,1.0,300,1.78881,48.4,973.7,98.0,96.75,4.04
Li₂B₁₂H₁₂,硼氢化物,29.5,24.1,263.1,PVDF-HFP,16.1,30,402.7,0.2,100,0.03562,39.1,571.5,98.0,98.31,2.84
Li₃PS₄,硫化物,10.9,12.5,601.5,PVDF-HFP,28.1,45,178.6,1.0,200,0.00596,49.5,591.9,91.0,97.06,2.55
Na₃PS₄(参考),硫化物,33.2,10.2,595.8,PVDF,41.8,60,101.7,0.2,200,0.22851,65.5,844.2,97.7,96.16,2.72
Li₁₀GeP₂S₁₂(LGPS),硫化物,60.1,6.7,973.2,PEG(聚乙二醇),38.9,25,145.0,0.5,300,5.82651,120.4,690.5,92.1,95.57,2.42
Li₁₀GeP₂S₁₂(LGPS),硫化物,34.0,4.7,902.7,PEG(聚乙二醇),31.2,30,371.2,0.2,300,2.41638,67.4,696.0,95.6,96.11,2.55
Na₃PS₄(参考),硫化物,35.1,15.7,488.9,PCL(聚己内酯),55.8,60,378.6,0.5,100,0.24083,35.4,739.1,98.0,94.87,2.52
Li₂B₁₂H₁₂,硼氢化物,49.6,18.9,251.9,PVA(聚乙烯醇),32.3,60,351.3,0.5,800,0.39464,33.4,814.3,81.8,95.79,3.29
LLZO-Nb,氧化物,32.0,15.5,428.0,PAN(聚丙烯腈),23.3,60,436.4,0.5,100,0.3464,48.7,746.1,98.0,98.64,5.03
LLZO-Nb,氧化物,57.1,16.7,574.3,PEO(聚环氧乙烷),45.8,50,120.8,0.1,200,0.54703,110.8,867.2,98.0,97.42,5.25
Li₂ZrCl₆,卤化物,63.5,11.2,401.1,纤维素基,45.1,30,246.1,0.5,200,0.39999,80.9,634.4,98.0,97.64,3.92
LLZO-Nb,氧化物,58.7,13.9,433.7,尼龙6,35.0,25,325.7,0.1,300,0.24242,97.8,680.0,98.0,97.43,4.85
LAGP(Li₁.₅Al₀.₅Ge₁.₅(PO₄)₃),氧化物,67.3,18.8,456.1,PVA(聚乙烯醇),22.7,60,214.8,0.05,50,0.78127,73.7,886.8,98.0,97.16,5.18
LLZO/PVDF纳米纤维,复合,41.6,62.7,97.3,PVDF,17.3,40,369.9,1.0,200,0.08332,42.4,650.8,98.0,98.47,4.35
Li₃ScCl₆,卤化物,15.8,10.3,376.2,PAN(聚丙烯腈),23.9,80,135.9,0.2,800,0.14651,52.2,980.9,86.4,95.97,4.01
Li₇P₃S₁₁,硫化物,33.9,7.0,1084.5,PEO(聚环氧乙烷),49.6,25,488.6,1.0,100,0.41252,60.6,546.9,98.0,98.31,2.68
Li₇P₃S₁₁,硫化物,55.9,6.5,859.2,PI(聚酰亚胺),15.4,60,305.2,0.5,500,2.48155,55.8,812.8,87.7,96.36,2.25
Li₁.₄Al₀.₄Ti₁.₆(PO₄)₃,氧化物,44.1,26.0,300.4,纤维素基,22.0,60,177.4,0.1,300,0.22984,76.4,840.0,92.2,96.98,4.74
Li₃ScCl₆,卤化物,77.0,11.2,634.3,PCL(聚己内酯),51.3,55,60.6,0.2,200,5.44778,116.9,990.9,98.0,96.77,3.99
LAGP(Li₁.₅Al₀.₅Ge₁.₅(PO₄)₃),氧化物,76.5,9.3,434.4,PPC(聚碳酸亚丙酯),44.3,60,396.4,0.2,100,0.89447,67.8,811.7,98.0,97.91,4.77
Li₆PS₅Cl,硫化物,39.6,9.0,801.8,PVDF,42.8,60,256.7,0.5,800,1.65439,55.8,801.4,82.6,95.93,2.76
LLZO/PVDF纳米纤维,复合,41.8,95.0,91.0,PEG(聚乙二醇),35.9,30,442.9,0.5,800,0.0644,49.1,548.2,87.9,97.97,4.54
Li₃PS₄,硫化物,41.5,12.5,474.5,PVA(聚乙烯醇),25.1,40,264.0,0.5,200,0.29035,47.9,724.1,98.0,97.34,2.16
LLZO-Nb,氧化物,63.0,14.5,424.2,PEG(聚乙二醇),32.0,80,420.2,0.2,100,1.66304,52.2,1005.5,98.0,96.86,5.17
LATP(Li₁.₃Al₀.₃Ti₁.₇(PO₄)₃),氧化物,31.9,16.4,276.4,PEG(聚乙二醇),35.4,30,437.8,0.5,800,0.08698,57.2,621.1,85.9,97.93,5.3
Li₇P₃S₁₁,硫化物,39.1,5.6,1009.7,PEG(聚乙二醇),22.1,25,273.6,0.05,500,0.64063,91.7,675.7,85.0,97.33,2.41
LLZO(Li₇La₃Zr₂O₁₂),氧化物,39.3,14.9,589.2,PPC(聚碳酸亚丙酯),56.4,25,234.3,1.0,100,0.08408,86.5,516.4,98.0,98.77,5.23
Li₉.₅₄Si₁.₇₄P₁.₄₄S₁₁.₇Cl₀.₃,硫化物,60.2,3.0,958.8,PVDF,36.5,30,349.3,1.0,50,12.16831,78.3,677.3,98.0,97.07,2.39
Li₆PS₅Cl,硫化物,59.9,5.7,813.3,PVDF-HFP,20.9,30,475.1,0.5,100,1.87454,52.9,706.2,94.7,97.77,3.15
Li₃InCl₆,卤化物,75.8,11.7,488.2,PCL(聚己内酯),56.6,55,386.5,0.2,200,2.16733,61.6,822.8,93.1,97.51,3.8
Li₂ZrCl₆,卤化物,44.7,17.5,447.6,PAN(聚丙烯腈),32.7,70,61.8,0.1,100,0.8767,68.5,950.5,95.2,95.06,4.21
Li₃InCl₆,卤化物,65.0,11.3,501.9,PEO(聚环氧乙烷),48.4,30,104.8,1.0,200,1.08188,106.3,626.6,96.9,97.22,3.99
Li₂ZrCl₆,卤化物,37.8,17.4,525.2,PVDF-HFP,40.3,30,52.6,0.2,800,0.22269,104.7,655.6,89.0,98.09,3.76
LATP(Li₁.₃Al₀.₃Ti₁.₇(PO₄)₃),氧化物,41.5,22.4,360.3,PVDF-HFP,25.7,50,241.2,0.1,200,0.22085,73.1,750.3,98.0,97.38,5.15
Li₆PS₅Cl,硫化物,53.6,9.6,744.3,纤维素基,44.4,55,167.2,0.2,50,2.37075,92.8,859.3,98.0,95.96,2.52
LISICON(Li₂+2xZn₁-xGeO₄),磷酸盐,65.4,17.7,294.3,PCL(聚己内酯),48.8,30,387.0,1.0,800,0.06811,63.6,631.9,89.8,97.45,5.48
LLZO/PVDF纳米纤维,复合,25.7,72.2,104.6,尼龙6,37.7,60,192.7,0.05,100,0.02329,39.1,864.1,95.7,96.94,4.71
Na₃PS₄(参考),硫化物,18.1,13.2,555.8,PVDF-HFP,31.5,45,452.7,0.2,800,0.01057,32.1,593.4,85.5,96.46,2.26
Na₃PS₄(参考),硫化物,72.2,13.1,446.2,PVDF,41.1,50,162.3,0.2,200,0.57316,77.2,794.0,95.4,96.7,2.81
LAGP(Li₁.₅Al₀.₅Ge₁.₅(PO₄)₃),氧化物,13.6,14.6,443.7,PVDF,36.2,40,418.1,1.0,500,0.00532,52.3,541.6,93.0,98.1,5.17
LATP(Li₁.₃Al₀.₃Ti₁.₇(PO₄)₃),氧化物,35.9,19.6,365.4,PEO(聚环氧乙烷),42.4,60,70.6,0.2,300,0.29316,89.3,855.9,96.8,96.23,5.26
LLZO/PVDF纳米纤维,复合,34.6,94.1,134.9,PEO(聚环氧乙烷),60.7,45,79.5,0.5,300,0.12534,63.1,679.6,96.9,97.98,4.41
Li₃PS₄,硫化物,64.9,7.1,519.2,PMMA(聚甲基丙烯酸甲酯),40.6,30,111.7,1.0,300,0.46115,82.4,570.0,96.3,97.26,2.48
Li₇P₃S₁₁,硫化物,38.3,5.2,1117.5,PCL(聚己内酯),54.9,25,484.9,0.1,100,0.45204,58.1,669.4,98.0,98.28,2.26
Na₃PS₄(参考),硫化物,19.4,12.0,608.0,PEO(聚环氧乙烷),45.7,70,224.7,0.2,800,0.04857,43.7,777.5,80.8,95.54,2.42
LAGP(Li₁.₅Al₀.₅Ge₁.₅(PO₄)₃),氧化物,55.0,15.5,357.3,PPC(聚碳酸亚丙酯),54.0,60,77.2,1.0,100,0.52402,85.8,806.0,98.0,95.61,4.76
Li₃YCl₆,卤化物,10.1,15.0,471.7,PEO(聚环氧乙烷),46.9,30,121.5,0.1,500,0.01543,84.8,605.2,86.1,97.88,3.99
LLZO@GO复合,复合,76.0,158.9,50.7,PEG(聚乙二醇),31.0,60,362.4,0.2,200,1.09521,45.9,914.2,98.0,97.32,4.63
LAGP(Li₁.₅Al₀.₅Ge₁.₅(PO₄)₃),氧化物,66.1,19.8,427.1,PI(聚酰亚胺),31.1,60,195.7,0.5,300,0.73766,76.6,826.8,98.0,96.04,4.71
LLZO/PVDF纳米纤维,复合,66.3,117.9,78.2,PI(聚酰亚胺),31.3,60,335.5,0.2,100,0.33353,39.5,804.8,98.0,96.55,4.61
Li₃PO₄,磷酸盐,53.7,35.1,118.7,尼龙6,34.4,25,170.7,0.2,200,0.00228,76.4,458.4,98.0,98.67,5.85
Li₁₀GeP₂S₁₂(LGPS),硫化物,73.9,5.7,650.6,PAN(聚丙烯腈),34.8,25,283.1,1.0,100,7.39392,83.9,622.9,94.2,96.97,2.59
LLZO-Nb,氧化物,51.6,17.1,480.9,PVA(聚乙烯醇),31.6,70,382.3,0.05,500,0.74185,57.9,1050.8,90.5,96.85,5.0
Li₉.₅₄Si₁.₇₄P₁.₄₄S₁₁.₇Cl₀.₃,硫化物,17.3,3.6,1074.2,尼龙6,40.5,60,307.6,0.5,300,0.72809,54.5,817.7,92.6,96.95,2.41
LiPON,磷酸盐,17.2,33.0,91.4,PPC(聚碳酸亚丙酯),24.5,60,406.1,0.2,800,0.00815,29.3,799.2,87.9,97.38,5.41
LLZO-Ta,氧化物,73.5,14.1,473.7,PVDF-HFP,33.2,60,194.9,0.5,50,1.13546,101.5,840.8,98.0,96.96,5.37
Li₆PS₅Br,硫化物,66.5,11.2,883.2,PVDF-HFP,12.0,60,461.6,0.05,800,2.29428,57.3,1003.3,84.4,96.44,2.29
LATP(Li₁.₃Al₀.₃Ti₁.₇(PO₄)₃),氧化物,29.2,13.9,362.0,PMMA(聚甲基丙烯酸甲酯),50.3,55,140.6,0.5,100,0.04652,71.0,655.2,98.0,95.89,4.82
Li₇P₃S₁₁,硫化物,51.1,4.4,949.4,PCL(聚己内酯),40.0,80,97.4,0.05,200,3.30087,96.1,1155.3,94.2,95.79,2.52
Na₃PS₄(参考),硫化物,77.4,15.5,552.8,PCL(聚己内酯),58.1,50,275.8,0.2,300,0.60902,68.2,729.1,98.0,96.03,2.5
Li₃YCl₆,卤化物,57.0,11.4,421.0,PPC(聚碳酸亚丙酯),36.5,60,358.7,0.5,100,1.13452,40.0,855.3,98.0,96.44,4.02
LLZO@GO复合,复合,24.5,173.0,49.5,PAN(聚丙烯腈),37.1,45,108.4,1.0,200,0.02906,51.1,657.6,98.0,97.83,4.35
LLZO(Li₇La₃Zr₂O₁₂),氧化物,69.8,14.3,586.9,PVA(聚乙烯醇),29.9,40,446.9,0.2,500,0.29734,80.5,730.6,97.1,98.36,4.93
Li₉.₅₄Si₁.₇₄P₁.₄₄S₁₁.₇Cl₀.₃,硫化物,11.4,4.6,606.9,尼龙6,24.4,60,84.1,0.1,50,0.27927,56.0,904.5,95.8,96.35,2.6
LATP(Li₁.₃Al₀.₃Ti₁.₇(PO₄)₃),氧化物,45.3,13.7,372.6,PEO(聚环氧乙烷),50.0,30,201.6,0.05,200,0.11918,74.8,639.1,98.0,97.06,5.03
LLZO-Ta,氧化物,17.4,12.0,458.2,PCL(聚己内酯),55.8,55,356.0,0.1,800,0.03809,44.5,843.3,92.0,97.73,5.09
Li₇P₃S₁₁,硫化物,75.3,5.6,780.8,PPC(聚碳酸亚丙酯),43.4,25,68.0,0.05,100,1.79742,118.3,810.0,98.0,96.57,2.55
Li₃InCl₆,卤化物,48.9,11.5,449.6,纤维素基,50.0,80,316.1,0.2,300,2.6529,49.7,1058.8,93.9,96.28,3.9
LLZO-Nb,氧化物,37.0,14.4,576.1,PMMA(聚甲基丙烯酸甲酯),42.3,25,269.7,0.1,200,0.12629,84.6,657.9,98.0,98.21,5.0
LLZO(Li₇La₃Zr₂O₁₂),氧化物,27.6,13.9,451.4,尼龙6,53.2,70,418.7,0.2,800,0.05289,42.2,937.0,83.8,97.24,5.17
Li₃PS₄,硫化物,14.4,13.8,691.7,PVA(聚乙烯醇),35.0,30,144.9,0.1,50,0.00725,67.5,598.2,98.0,97.51,2.44
Li₃ScCl₆,卤化物,68.6,8.3,486.2,纤维素基,52.4,30,285.8,1.0,300,1.89141,78.1,602.6,98.0,97.7,3.96
LiPON,磷酸盐,55.4,42.3,112.0,PAN(聚丙烯腈),19.1,25,472.9,0.2,200,0.00179,49.9,498.1,98.0,99.19,5.37
Li₂ZrCl₆,卤化物,75.3,15.7,352.7,PEG(聚乙二醇),46.2,60,276.9,0.2,800,1.24235,73.2,933.6,86.4,97.19,4.13
Li₂ZrCl₆,卤化物,14.6,16.5,420.8,PVDF-HFP,27.6,30,306.7,0.5,50,0.00749,46.2,515.1,97.5,96.46,4.18
Li₆PS₅Br,硫化物,13.1,10.6,839.2,PI(聚酰亚胺),24.4,70,170.3,0.1,500,0.03881,55.3,901.6,86.3,97.15,2.33
LATP/CNT复合,复合,44.6,130.8,47.2,尼龙6,32.1,70,73.5,0.1,800,0.42283,54.8,958.6,85.0,95.71,4.61
LATP/CNT复合,复合,76.3,220.4,69.2,尼龙6,34.4,25,186.7,0.2,100,0.28647,76.0,650.1,93.9,97.83,4.81
Na₃PS₄(参考),硫化物,42.3,18.0,709.5,PAN(聚丙烯腈),45.5,40,181.0,0.2,100,0.20268,61.0,640.5,95.1,95.63,2.41
Li₃PO₄,磷酸盐,10.5,35.6,155.8,尼龙6,34.2,25,122.4,0.1,800,6e-05,67.9,386.2,81.9,98.11,5.78
LLZO(Li₇La₃Zr₂O₁₂),氧化物,78.7,14.2,384.3,PAN(聚丙烯腈),25.1,50,140.5,0.05,100,0.57007,107.3,906.0,98.0,98.16,5.53
LLTO(Li₃xLa₂/₃-xTiO₃),氧化物,66.1,6.7,609.2,PPC(聚碳酸亚丙酯),29.9,50,253.3,0.5,200,1.52759,81.5,749.2,97.3,97.19,4.89
Li₃ScCl₆,卤化物,74.2,11.5,494.2,PMMA(聚甲基丙烯酸甲酯),48.7,25,137.4,0.1,100,1.57613,87.7,692.9,98.0,96.26,3.95
Na₃PS₄(参考),硫化物,15.0,14.4,556.8,PI(聚酰亚胺),34.8,25,431.2,0.1,200,0.00476,43.7,502.2,98.0,97.32,2.61
LATP(Li₁.₃Al₀.₃Ti₁.₇(PO₄)₃),氧化物,68.8,22.8,395.8,PEO(聚环氧乙烷),52.5,45,314.2,0.2,300,0.41526,96.4,784.1,97.5,96.86,5.26
Li₃YCl₆,卤化物,32.4,17.4,573.2,PVDF-HFP,28.0,60,210.6,0.5,500,0.45355,56.6,730.4,91.1,97.68,3.93
Li₂ZrCl₆,卤化物,38.7,14.7,368.8,PCL(聚己内酯),50.8,25,374.6,1.0,200,0.21448,50.7,585.0,98.0,98.07,4.1
Li₃PS₄,硫化物,67.8,13.4,455.1,PCL(聚己内酯),54.7,55,388.2,0.5,500,0.93755,44.2,786.0,95.2,98.22,2.2
LATP(Li₁.₃Al₀.₃Ti₁.₇(PO₄)₃),氧化物,18.2,26.2,289.2,PCL(聚己内酯),52.1,55,425.0,0.2,50,0.0213,35.3,792.0,98.0,97.77,4.66
Li₂ZrCl₆,卤化物,25.5,15.4,373.7,PVDF,40.4,30,140.4,0.5,50,0.03064,71.3,580.1,98.0,97.33,3.91
LLTO(Li₃xLa₂/₃-xTiO₃),氧化物,49.6,8.5,595.7,PI(聚酰亚胺),27.8,25,344.4,0.05,50,0.3938,78.8,635.4,98.0,97.67,4.91
Li₇P₃S₁₁,硫化物,63.8,5.9,884.0,PCL(聚己内酯),58.2,45,93.8,1.0,200,2.05462,108.8,723.3,98.0,96.64,2.86
Li₂B₁₂H₁₂,硼氢化物,44.9,17.9,236.6,PVA(聚乙烯醇),33.7,30,307.0,1.0,200,0.19962,53.0,576.8,95.4,97.02,3.03
Li₂S-P₂S₅(75:25),硫化物,52.4,9.6,801.2,PEO(聚环氧乙烷),44.7,60,220.0,0.5,800,2.11501,76.1,820.6,83.5,96.08,3.06
LATP(Li₁.₃Al₀.₃Ti₁.₇(PO₄)₃),氧化物,30.9,15.1,394.4,纤维素基,53.6,45,169.3,0.05,50,0.09713,70.6,838.1,98.0,98.02,5.38
LLZO-Nb,氧化物,11.2,13.4,541.5,PCL(聚己内酯),64.4,40,331.7,0.2,50,0.01162,52.4,614.0,98.0,97.16,4.7
Li₃PS₄,硫化物,26.5,11.3,507.6,纤维素基,37.7,30,388.9,0.1,100,0.03741,48.3,573.3,95.7,97.74,2.6
LISICON(Li₂+2xZn₁-xGeO₄),磷酸盐,49.4,16.7,207.3,PMMA(聚甲基丙烯酸甲酯),33.6,30,493.5,0.5,200,0.03678,42.5,545.6,97.8,99.45,5.78
Li₇P₃S₁₁,硫化物,22.0,5.7,937.7,PEG(聚乙二醇),33.8,60,432.7,0.2,800,0.13826,35.6,790.8,83.1,95.71,2.58
LLZO-Nb,氧化物,32.8,13.0,470.6,PEG(聚乙二醇),27.5,70,218.9,0.2,100,0.49758,68.7,829.5,98.0,97.59,4.63
LATP/CNT复合,复合,14.7,157.3,81.4,PVDF-HFP,35.9,45,319.3,0.05,200,0.0068,36.9,759.7,97.2,98.06,4.41
Li₁.₄Al₀.₄Ti₁.₆(PO₄)₃,氧化物,54.4,20.3,299.2,PCL(聚己内酯),52.4,40,303.2,0.5,800,0.19943,61.7,674.5,91.0,98.5,4.99
LLZO@GO复合,复合,32.3,224.9,58.4,PEO(聚环氧乙烷),46.0,80,426.3,0.1,100,0.4544,24.2,1172.1,97.2,96.55,4.08
LLZO-Ta,氧化物,30.9,10.1,471.0,PCL(聚己内酯),46.0,30,71.2,0.5,800,0.13182,97.0,612.2,96.9,97.62,5.02
Li₃ScCl₆,卤化物,19.5,10.1,560.0,PAN(聚丙烯腈),34.1,45,371.1,0.5,800,0.0914,41.3,697.0,85.3,97.3,3.62
LLZO-Nb,氧化物,63.1,11.3,483.6,PVDF-HFP,42.9,55,145.7,1.0,200,0.83307,95.5,775.2,98.0,98.14,5.44
LAGP(Li₁.₅Al₀.₅Ge₁.₅(PO₄)₃),氧化物,10.1,14.6,367.2,PMMA(聚甲基丙烯酸甲酯),47.0,60,225.0,0.05,50,0.00372,50.5,680.0,98.0,98.15,5.04
LLZO(Li₇La₃Zr₂O₁₂),氧化物,62.9,12.0,550.7,PEG(聚乙二醇),36.6,25,417.1,0.2,200,0.15807,90.0,551.3,98.0,98.22,4.94
Li₂S-P₂S₅(75:25),硫化物,65.1,10.3,729.5,PVDF-HFP,38.0,25,312.6,1.0,50,1.20204,73.0,561.1,98.0,97.97,2.76
Li₉.₅₄Si₁.₇₄P₁.₄₄S₁₁.₇Cl₀.₃,硫化物,28.0,3.4,1014.2,PVDF,47.9,25,137.5,0.1,200,1.27075,77.6,659.9,95.0,97.0,2.33
LLTO(Li₃xLa₂/₃-xTiO₃),氧化物,17.0,12.7,713.6,PMMA(聚甲基丙烯酸甲酯),57.8,40,194.9,0.1,100,0.02217,68.1,718.5,98.0,97.52,4.81
Li₆PS₅Br,硫化物,40.8,10.8,566.2,PEG(聚乙二醇),31.4,55,258.6,0.1,50,1.16323,47.8,823.3,89.4,97.2,2.65
LLZO@GO复合,复合,76.4,163.9,47.2,PVA(聚乙烯醇),41.9,80,229.3,0.05,50,1.59559,56.3,1193.2,98.0,96.16,4.5
LATP(Li₁.₃Al₀.₃Ti₁.₇(PO₄)₃),氧化物,73.2,16.6,440.5,PMMA(聚甲基丙烯酸甲酯),52.6,45,290.8,0.05,200,0.33276,78.8,783.2,98.0,96.65,5.03
Li₁.₄Al₀.₄Ti₁.₆(PO₄)₃,氧化物,18.9,19.6,283.4,PEG(聚乙二醇),39.0,80,235.0,0.2,50,0.07301,48.2,928.9,95.9,95.74,5.17
Li₇P₃S₁₁,硫化物,45.9,7.9,938.9,尼龙6,28.1,25,332.9,0.5,100,0.79135,72.7,588.2,98.0,96.74,2.61
Li₆PS₅Cl,硫化物,53.1,6.5,756.1,PVA(聚乙烯醇),38.3,25,270.0,0.1,200,1.02522,73.9,719.3,98.0,98.27,2.6
LLZO(Li₇La₃Zr₂O₁₂),氧化物,26.6,9.4,528.6,PI(聚酰亚胺),30.7,45,386.7,1.0,200,0.02473,62.3,590.1,98.0,97.87,4.97
Li₆PS₅Br,硫化物,62.2,8.7,757.1,PEO(聚环氧乙烷),50.8,30,157.8,1.0,100,1.1138,120.9,600.1,98.0,96.25,2.59
LLZO(Li₇La₃Zr₂O₁₂),氧化物,60.2,22.0,562.1,PI(聚酰亚胺),16.8,25,375.1,0.1,800,0.12974,91.3,636.4,85.9,98.47,4.78
LLZO(Li₇La₃Zr₂O₁₂),氧化物,37.0,16.3,530.6,PEO(聚环氧乙烷),62.0,80,295.1,0.5,100,0.52838,64.7,859.7,98.0,96.3,5.06
LLTO(Li₃xLa₂/₃-xTiO₃),氧化物,55.6,11.0,662.0,PVDF-HFP,30.5,45,160.5,0.5,500,1.03451,98.2,738.4,85.2,96.56,5.09
LATP(Li₁.₃Al₀.₃Ti₁.₇(PO₄)₃),氧化物,42.9,15.6,272.6,PAN(聚丙烯腈),26.4,30,331.9,0.5,50,0.11283,67.5,622.3,98.0,96.84,4.91
LAGP(Li₁.₅Al₀.₅Ge₁.₅(PO₄)₃),氧化物,24.8,11.3,413.6,PEG(聚乙二醇),32.5,50,487.1,1.0,100,0.06276,47.0,599.8,98.0,98.95,4.99
Li₃PS₄,硫化物,73.6,14.9,539.0,PEG(聚乙二醇),40.6,50,440.5,0.5,200,0.95052,55.8,819.7,98.0,97.81,2.41
LAGP(Li₁.₅Al₀.₅Ge₁.₅(PO₄)₃),氧化物,39.4,11.8,337.7,纤维素基,41.5,30,362.1,0.2,800,0.11614,66.9,614.7,91.9,98.45,5.04
Li₇P₃S₁₁,硫化物,64.0,9.0,1026.8,PVDF-HFP,34.0,50,267.1,0.5,100,2.29959,87.6,742.8,96.0,97.3,2.54
LLTO(Li₃xLa₂/₃-xTiO₃),氧化物,52.1,9.3,576.8,PAN(聚丙烯腈),30.4,40,139.5,0.2,100,0.6658,110.5,674.2,98.0,97.76,5.08
LiPON,磷酸盐,62.0,40.7,81.7,PVA(聚乙烯醇),22.1,70,249.0,0.1,500,0.0072,48.4,868.5,90.0,97.05,5.63
Li₃PS₄,硫化物,45.3,12.4,593.8,PEG(聚乙二醇),27.2,25,107.3,0.1,100,0.24908,103.2,685.6,97.8,98.15,2.65
Li₇P₃S₁₁,硫化物,62.5,8.1,770.6,尼龙6,30.2,60,323.2,0.2,50,2.26136,59.4,977.0,98.0,95.96,2.35
Li₆PS₅Br,硫化物,74.9,5.9,767.3,PEO(聚环氧乙烷),49.4,50,292.2,0.05,500,2.64493,65.5,938.8,92.0,96.71,2.45
LATP(Li₁.₃Al₀.₃Ti₁.₇(PO₄)₃),氧化物,53.6,17.3,311.9,PI(聚酰亚胺),30.8,70,284.3,0.5,100,0.44308,55.7,867.6,94.0,97.7,5.12
Li₁.₄Al₀.₄Ti₁.₆(PO₄)₃,氧化物,15.9,15.6,240.9,PVA(聚乙烯醇),10.0,60,253.8,0.05,100,0.00869,58.5,856.5,98.0,97.68,5.02
LATP/CNT复合,复合,78.1,154.5,45.3,PEO(聚环氧乙烷),56.8,40,79.9,0.2,50,0.4182,96.4,752.6,97.7,97.52,4.65
Li₁.₄Al₀.₄Ti₁.₆(PO₄)₃,氧化物,64.1,20.0,372.8,PPC(聚碳酸亚丙酯),33.7,80,337.8,0.2,200,0.77592,47.4,889.2,92.0,96.13,5.03
LLZO(Li₇La₃Zr₂O₁₂),氧化物,78.8,18.5,417.5,PVDF-HFP,44.0,60,241.0,0.5,500,0.63315,76.8,834.1,97.1,97.5,4.81
LLZO-Nb,氧化物,32.5,13.6,539.2,纤维素基,43.4,30,450.1,0.05,200,0.10079,73.2,666.3,98.0,98.02,4.92
Li₆PS₅Cl,硫化物,19.9,9.6,740.3,PMMA(聚甲基丙烯酸甲酯),44.0,30,149.9,0.2,300,0.05999,68.9,618.6,93.0,97.2,2.69
LLTO(Li₃xLa₂/₃-xTiO₃),氧化物,16.6,13.4,625.9,PI(聚酰亚胺),29.0,30,265.2,1.0,100,0.01215,75.3,481.8,98.0,98.04,5.36
Li₃PS₄,硫化物,66.8,10.4,607.3,PEO(聚环氧乙烷),37.7,60,411.6,0.05,800,1.02956,42.2,887.6,95.2,97.58,2.13
LATP(Li₁.₃Al₀.₃Ti₁.₇(PO₄)₃),氧化物,43.3,24.4,422.1,PVDF-HFP,41.4,60,277.7,0.2,200,0.2488,59.4,875.9,97.9,97.15,5.01
LAGP(Li₁.₅Al₀.₅Ge₁.₅(PO₄)₃),氧化物,35.9,13.7,453.9,PI(聚酰亚胺),15.7,25,262.5,1.0,200,0.07665,67.7,500.6,98.0,98.25,4.77
Li₁₀GeP₂S₁₂(LGPS),硫化物,32.7,5.0,938.1,PI(聚酰亚胺),29.2,60,110.9,0.2,200,5.38751,67.5,963.6,90.0,97.55,2.13
Li₃PS₄,硫化物,75.4,10.5,582.1,PCL(聚己内酯),55.9,70,287.0,1.0,50,1.53069,53.4,785.1,95.8,97.47,2.59
Li₁.₄Al₀.₄Ti₁.₆(PO₄)₃,氧化物,15.3,21.9,269.8,PAN(聚丙烯腈),29.0,60,82.7,0.05,100,0.01094,68.5,807.3,95.2,96.77,4.87
Li₆PS₅Br,硫化物,51.6,6.4,685.6,PCL(聚己内酯),52.9,25,258.2,0.05,200,0.73697,74.9,747.4,98.0,97.99,2.41
LLZO(Li₇La₃Zr₂O₁₂),氧化物,39.7,13.2,452.0,PI(聚酰亚胺),26.1,30,500.0,0.1,100,0.08679,57.8,642.9,98.0,99.26,5.0
Na₃PS₄(参考),硫化物,59.0,11.6,454.8,纤维素基,49.5,80,456.7,0.5,50,0.73209,29.1,969.6,98.0,96.77,2.38
Na₃PS₄(参考),硫化物,48.5,13.0,656.1,PMMA(聚甲基丙烯酸甲酯),54.0,25,416.6,0.05,200,0.19591,55.9,699.3,98.0,99.04,2.48
LLZO-Nb,氧化物,57.4,14.6,581.0,PPC(聚碳酸亚丙酯),36.1,55,109.5,0.5,500,0.71937,117.0,745.9,94.5,97.45,5.1
LAGP(Li₁.₅Al₀.₅Ge₁.₅(PO₄)₃),氧化物,46.5,14.7,317.9,PAN(聚丙烯腈),45.1,50,436.8,0.2,100,0.35247,50.6,778.8,98.0,98.36,4.97
Li₇P₃S₁₁,硫化物,53.5,9.6,927.4,PMMA(聚甲基丙烯酸甲酯),59.3,30,393.1,0.1,200,1.12916,59.2,658.7,92.7,97.58,2.32
Li₁₀GeP₂S₁₂(LGPS),硫化物,30.9,6.6,748.7,PI(聚酰亚胺),34.2,70,86.5,0.2,800,5.803,55.6,1022.9,81.0,96.0,2.61
Na₃PS₄(参考),硫化物,26.0,13.4,597.4,PCL(聚己内酯),55.1,50,320.2,0.1,50,0.04415,40.7,703.5,93.3,97.74,2.16
Li₆PS₅Br,硫化物,31.3,10.0,790.2,PVA(聚乙烯醇),24.8,45,373.6,0.05,100,0.54235,58.7,862.2,96.3,97.64,2.61
Na₃PS₄(参考),硫化物,42.6,16.8,524.1,尼龙6,42.8,55,427.8,0.2,800,0.36527,37.9,839.7,84.5,98.21,2.7
Li₁₀GeP₂S₁₂(LGPS),硫化物,56.0,6.6,933.9,PI(聚酰亚胺),35.4,40,258.0,0.05,800,8.81572,78.2,879.0,84.8,97.17,2.31
Li₇P₃S₁₁,硫化物,29.0,7.1,743.7,PVDF-HFP,43.4,45,296.4,0.5,500,0.21222,46.1,627.2,92.6,97.87,2.56
Li₃PS₄,硫化物,18.7,9.7,571.1,PVA(聚乙烯醇),33.8,70,484.4,0.05,100,0.034,26.1,906.1,98.0,96.66,2.67
Na₃PS₄(参考),硫化物,75.7,11.5,570.6,PVDF,46.3,70,477.8,1.0,200,1.1569,43.1,868.8,96.5,97.03,2.83
Li₃InCl₆,卤化物,62.0,8.4,402.7,PVDF-HFP,27.9,25,248.1,1.0,800,0.76829,68.8,584.5,92.1,97.28,4.09
LLZO(Li₇La₃Zr₂O₁₂),氧化物,27.5,14.0,552.2,PPC(聚碳酸亚丙酯),52.0,30,200.4,0.5,100,0.01439,88.3,488.9,98.0,97.05,5.13
Li₇P₃S₁₁,硫化物,19.0,5.3,1107.4,PI(聚酰亚胺),35.4,60,461.4,1.0,800,0.07943,38.4,722.0,81.3,96.97,2.75
LISICON(Li₂+2xZn₁-xGeO₄),磷酸盐,77.2,19.7,274.3,PEG(聚乙二醇),38.5,55,496.4,0.1,300,0.33219,48.1,893.1,98.0,97.69,5.23
Li₃PS₄,硫化物,63.9,13.3,694.6,PEG(聚乙二醇),36.8,60,76.9,0.2,100,0.87215,93.7,908.8,92.8,95.78,2.63
LLZO/PVDF纳米纤维,复合,30.2,111.1,91.7,PPC(聚碳酸亚丙酯),52.3,80,276.8,0.2,50,0.16795,31.3,1001.5,97.1,96.63,4.4
LLTO(Li₃xLa₂/₃-xTiO₃),氧化物,32.6,7.4,590.0,尼龙6,42.1,45,366.6,0.1,100,0.35332,67.9,805.7,98.0,97.98,4.88
Na₃PS₄(参考),硫化物,14.1,12.1,602.7,PVDF-HFP,34.3,30,175.7,0.5,300,0.00454,62.6,479.7,96.2,98.0,2.62
LATP(Li₁.₃Al₀.₃Ti₁.₇(PO₄)₃),氧化物,20.7,11.0,301.4,PVA(聚乙烯醇),30.3,25,196.9,0.5,200,0.00617,54.2,458.1,95.8,98.01,5.11
LLZO/PVDF纳米纤维,复合,62.2,108.9,116.6,PMMA(聚甲基丙烯酸甲酯),46.7,45,278.5,0.2,100,0.18502,45.2,774.2,98.0,97.95,4.28
LLZO-Nb,氧化物,67.2,16.3,453.3,PCL(聚己内酯),53.4,25,404.2,1.0,200,0.26614,78.7,551.4,98.0,98.59,4.81
LLZO-Ta,氧化物,46.9,9.9,563.2,PI(聚酰亚胺),15.7,60,297.5,0.5,500,0.62648,56.2,710.1,95.8,96.77,4.91
LATP(Li₁.₃Al₀.₃Ti₁.₇(PO₄)₃),氧化物,58.0,17.9,348.7,纤维素基,32.4,30,315.0,1.0,50,0.15179,74.4,608.4,98.0,98.21,5.32
LAGP(Li₁.₅Al₀.₅Ge₁.₅(PO₄)₃),氧化物,23.9,8.7,316.2,PVA(聚乙烯醇),32.1,30,361.0,0.2,100,0.01625,55.8,643.1,98.0,99.12,4.71
LATP(Li₁.₃Al₀.₃Ti₁.₇(PO₄)₃),氧化物,13.7,19.1,360.7,PVDF,36.0,60,307.1,0.5,200,0.00805,49.9,672.3,98.0,98.03,5.11
Li₃ScCl₆,卤化物,18.6,9.7,564.3,PI(聚酰亚胺),10.0,45,253.9,1.0,100,0.07506,51.4,650.2,98.0,96.9,3.97
LLZO(Li₇La₃Zr₂O₁₂),氧化物,18.9,18.2,562.1,PVDF-HFP,48.7,60,400.0,1.0,50,0.01322,48.1,692.0,96.2,97.41,5.21
LLZO-Nb,氧化物,73.4,13.8,446.9,PVDF,39.9,45,289.7,0.2,200,0.54351,85.0,747.5,98.0,97.83,5.21
Li₇P₃S₁₁,硫化物,23.7,8.1,924.1,PAN(聚丙烯腈),21.7,55,356.7,0.1,300,0.15008,43.9,755.1,89.0,96.81,2.68
LLZO@GO复合,复合,52.3,164.1,47.4,PVDF-HFP,39.9,25,325.8,0.05,100,0.21184,41.7,772.3,98.0,97.67,4.31
Na₃PS₄(参考),硫化物,77.3,17.2,577.8,PMMA(聚甲基丙烯酸甲酯),46.1,25,68.2,0.1,500,0.25793,109.8,642.3,81.7,96.63,2.6
Li₆PS₅Cl,硫化物,42.3,8.6,809.5,PVDF-HFP,17.3,55,465.0,0.2,200,1.55995,41.6,945.7,98.0,97.46,2.28
LATP(Li₁.₃Al₀.₃Ti₁.₇(PO₄)₃),氧化物,44.7,16.3,397.1,PCL(聚己内酯),62.2,80,161.9,0.5,300,0.56198,75.0,957.4,98.0,95.73,4.89
Li₂S-P₂S₅(75:25),硫化物,78.2,11.0,523.1,PVDF-HFP,30.5,45,170.3,0.5,500,2.02832,76.5,676.1,82.2,96.34,2.39
Li₃ScCl₆,卤化物,56.5,7.7,528.8,PI(聚酰亚胺),32.3,60,181.5,0.05,100,3.78899,79.4,1135.5,98.0,96.49,4.04
Na₃PS₄(参考),硫化物,15.9,18.8,606.1,PI(聚酰亚胺),26.9,60,497.0,0.1,300,0.01315,31.2,844.5,96.1,96.66,2.52
LLTO(Li₃xLa₂/₃-xTiO₃),氧化物,53.7,13.7,641.4,尼龙6,37.4,50,413.7,0.2,50,0.87542,74.0,811.9,98.0,98.5,4.67
Li₂S-P₂S₅(75:25),硫化物,35.8,10.6,674.7,PPC(聚碳酸亚丙酯),42.7,25,362.6,0.05,300,0.36047,58.1,742.8,88.4,97.27,2.63
Li₃YCl₆,卤化物,54.5,11.8,464.9,PEO(聚环氧乙烷),45.4,30,471.0,0.2,50,0.56987,55.0,786.1,98.0,98.07,4.04
Li₁₀GeP₂S₁₂(LGPS),硫化物,26.4,6.4,887.2,PVDF,25.1,45,488.6,1.0,300,0.74032,47.1,687.5,92.5,97.35,2.42
Li₃ScCl₆,卤化物,78.1,7.6,495.3,PI(聚酰亚胺),27.6,80,264.7,0.05,800,9.34282,71.1,1108.7,81.0,96.24,3.87
Li₃ScCl₆,卤化物,60.2,10.9,575.2,PVDF-HFP,33.6,30,306.6,0.5,200,1.73349,86.1,666.4,92.8,96.82,3.94
Li₆PS₅Cl,硫化物,61.7,6.9,771.3,PPC(聚碳酸亚丙酯),37.1,45,97.0,1.0,500,2.11926,83.8,787.9,87.1,97.65,2.39
Na₃PS₄(参考),硫化物,63.3,18.3,616.1,尼龙6,47.9,70,480.5,0.1,100,0.763,35.0,991.3,96.1,96.13,2.93
LAGP(Li₁.₅Al₀.₅Ge₁.₅(PO₄)₃),氧化物,62.4,14.5,322.9,PVA(聚乙烯醇),20.3,25,287.9,0.2,100,0.22575,91.1,648.5,98.0,98.29,5.13
LLZO/PVDF纳米纤维,复合,36.5,101.3,117.4,PEO(聚环氧乙烷),63.0,45,267.3,0.5,300,0.1068,44.6,681.0,97.9,97.34,4.57
LLZO-Ta,氧化物,26.3,12.6,346.2,PVDF-HFP,32.3,30,365.2,0.5,50,0.02973,57.9,619.6,98.0,98.57,5.24
Li₆PS₅Cl,硫化物,49.2,5.9,576.3,PMMA(聚甲基丙烯酸甲酯),37.2,70,125.8,0.05,50,3.2724,56.7,993.7,93.9,95.75,2.32
LATP(Li₁.₃Al₀.₃Ti₁.₇(PO₄)₃),氧化物,56.4,19.6,375.4,PEG(聚乙二醇),43.9,70,408.3,0.2,200,0.73705,55.4,1017.8,98.0,97.71,4.62
Li₇P₃S₁₁,硫化物,54.1,6.4,814.6,PPC(聚碳酸亚丙酯),44.2,60,412.4,0.2,300,2.40033,44.4,865.0,88.2,96.93,2.61
LLZO@GO复合,复合,65.2,171.6,41.4,尼龙6,32.7,30,146.2,0.2,800,0.36645,75.2,728.3,85.5,98.04,4.78
Li₇P₃S₁₁,硫化物,43.8,6.2,795.1,PAN(聚丙烯腈),41.5,25,96.8,0.2,300,0.76384,101.2,645.9,98.0,96.79,2.65
LiPON,磷酸盐,39.1,28.4,109.1,PVDF,42.6,25,66.5,0.1,200,0.00054,93.1,485.0,98.0,96.97,5.48
Li₇P₃S₁₁,硫化物,35.6,8.3,893.5,PPC(聚碳酸亚丙酯),40.2,50,77.3,0.2,100,0.91257,77.1,847.3,98.0,95.73,2.48
Li₂S-P₂S₅(75:25),硫化物,62.7,7.8,666.3,PEG(聚乙二醇),31.3,55,180.0,0.5,50,1.51301,74.9,744.6,96.8,96.46,2.12
LLZO@GO复合,复合,50.2,216.9,48.6,PVDF-HFP,36.1,40,367.3,0.5,500,0.27315,36.5,668.4,92.1,99.14,4.54
Li₃InCl₆,卤化物,12.0,9.5,560.1,PVDF,29.9,30,260.1,0.1,500,0.01017,63.1,621.2,92.2,97.0,3.79
LLZO-Nb,氧化物,30.4,16.1,473.7,PEO(聚环氧乙烷),57.0,25,282.2,0.1,300,0.09268,89.8,682.2,92.3,98.17,5.09
Na₃PS₄(参考),硫化物,40.5,17.4,472.5,PVA(聚乙烯醇),34.6,30,303.6,0.2,300,0.15346,51.3,634.4,91.9,97.23,2.22
LISICON(Li₂+2xZn₁-xGeO₄),磷酸盐,52.7,14.4,289.8,PMMA(聚甲基丙烯酸甲酯),59.2,30,253.6,0.2,800,0.03663,73.7,624.8,88.4,98.39,5.47
Na₃PS₄(参考),硫化物,39.1,15.7,501.7,PEG(聚乙二醇),46.1,60,195.1,0.5,200,0.24886,56.2,718.2,96.5,96.23,2.29
Li₉.₅₄Si₁.₇₄P₁.₄₄S₁₁.₇Cl₀.₃,硫化物,38.1,3.9,844.0,PVDF-HFP,42.7,30,254.7,0.2,200,5.95571,57.4,860.5,93.6,96.78,2.72
Li₁.₄Al₀.₄Ti₁.₆(PO₄)₃,氧化物,33.8,19.0,315.5,PAN(聚丙烯腈),38.8,50,121.6,0.1,500,0.1101,78.0,824.6,89.5,96.65,4.73
Li₃PS₄,硫化物,69.5,11.9,640.0,PI(聚酰亚胺),16.4,25,61.9,0.5,50,0.39945,113.5,618.4,98.0,97.68,2.32
Li₆PS₅Br,硫化物,40.5,9.4,863.8,纤维素基,53.8,55,318.9,0.1,200,1.03784,67.9,937.2,88.3,97.14,2.81
LLZO@GO复合,复合,75.1,155.1,45.0,PVDF-HFP,19.9,60,353.4,1.0,800,0.9332,42.2,804.7,81.5,97.24,4.42
LISICON(Li₂+2xZn₁-xGeO₄),磷酸盐,32.0,25.2,249.4,PVDF-HFP,41.0,50,261.0,0.05,100,0.06229,57.2,821.5,98.0,97.45,5.77
Li₇P₃S₁₁,硫化物,72.4,5.3,976.1,PEO(聚环氧乙烷),53.4,25,281.8,0.2,50,1.67238,103.9,639.7,97.4,97.15,2.47
Li₆PS₅Cl,硫化物,69.1,7.9,840.4,尼龙6,40.8,60,361.8,0.5,100,4.46055,63.3,834.1,98.0,96.95,2.59
Na₃PS₄(参考),硫化物,45.0,13.5,529.8,纤维素基,58.4,40,113.6,1.0,500,0.17396,77.4,573.7,93.1,97.4,2.55
Li₂S-P₂S₅(75:25),硫化物,45.1,12.2,536.3,PVDF-HFP,38.1,50,397.9,0.1,100,1.09002,44.0,794.2,98.0,97.67,2.81
LATP(Li₁.₃Al₀.₃Ti₁.₇(PO₄)₃),氧化物,57.3,20.6,273.4,PEO(聚环氧乙烷),52.1,40,213.9,0.1,100,0.19731,101.1,728.1,98.0,96.83,5.17
LiPON,磷酸盐,48.4,36.1,107.9,PEG(聚乙二醇),40.8,25,331.1,0.2,50,0.01135,71.2,516.4,98.0,96.73,5.42
Li₆PS₅Cl,硫化物,14.9,6.2,912.1,纤维素基,44.0,40,326.0,0.5,200,0.04205,57.9,632.3,98.0,97.99,2.3
Li₃PS₄,硫化物,30.0,13.4,587.2,尼龙6,36.1,30,272.1,0.05,300,0.14401,66.8,639.9,96.6,97.35,2.71
Li₂ZrCl₆,卤化物,56.6,14.2,428.3,PEO(聚环氧乙烷),46.4,25,373.7,0.2,500,0.41462,74.8,684.6,92.7,97.93,4.11
LAGP(Li₁.₅Al₀.₅Ge₁.₅(PO₄)₃),氧化物,23.4,18.7,405.5,PCL(聚己内酯),46.6,25,206.0,1.0,800,0.01294,80.9,487.9,91.2,97.29,4.98
LATP(Li₁.₃Al₀.₃Ti₁.₇(PO₄)₃),氧化物,50.5,25.5,387.4,尼龙6,31.0,45,482.8,0.5,800,0.25658,58.7,641.3,88.2,97.77,4.96
Li₁₀GeP₂S₁₂(LGPS),硫化物,23.1,7.0,917.9,PMMA(聚甲基丙烯酸甲酯),46.4,60,398.8,0.5,500,0.6601,50.9,848.1,92.3,96.62,2.49
Li₃YCl₆,卤化物,31.2,10.3,386.8,尼龙6,41.4,60,372.5,0.5,300,0.45423,40.2,819.5,94.4,98.89,4.12
Li₂ZrCl₆,卤化物,45.5,15.8,381.2,PVA(聚乙烯醇),21.5,55,444.8,0.1,500,0.5094,42.1,819.5,98.0,97.68,3.87
LATP/CNT复合,复合,27.9,141.9,55.2,PMMA(聚甲基丙烯酸甲酯),35.5,70,114.6,0.5,800,0.05636,44.2,801.2,85.2,95.03,4.52
Li₆PS₅Cl,硫化物,66.6,6.7,762.8,PVA(聚乙烯醇),33.5,50,352.9,0.05,50,2.99969,58.9,972.9,98.0,97.37,2.6
Li₃InCl₆,卤化物,40.8,6.3,583.3,尼龙6,32.3,45,456.4,0.2,50,0.67618,44.5,829.0,98.0,97.32,3.86
Li₆PS₅Cl,硫化物,53.4,6.6,884.4,PPC(聚碳酸亚丙酯),32.9,30,257.1,1.0,100,1.23894,63.1,648.6,95.7,97.27,2.25
LLZO-Ta,氧化物,10.8,14.6,602.2,尼龙6,19.7,50,253.8,0.2,200,0.00578,59.8,667.2,98.0,97.63,5.18
Na₃PS₄(参考),硫化物,26.7,14.4,569.5,PVDF,55.5,80,204.0,0.1,200,0.06067,39.6,1010.2,94.0,94.69,2.42
LLZO@GO复合,复合,29.1,181.0,53.6,PPC(聚碳酸亚丙酯),36.6,70,403.7,0.1,100,0.07567,21.5,953.1,98.0,96.96,4.53
Li₆PS₅Cl,硫化物,14.5,8.0,949.3,PVA(聚乙烯醇),38.0,40,60.9,0.2,50,0.03086,94.6,659.1,97.4,96.9,2.55
Li₇P₃S₁₁,硫化物,36.5,7.4,1085.6,PEG(聚乙二醇),31.4,70,296.2,1.0,100,1.61142,60.0,876.3,96.5,95.29,2.55
LLZO(Li₇La₃Zr₂O₁₂),氧化物,25.5,12.8,471.0,尼龙6,23.2,80,327.3,1.0,100,0.07135,46.5,902.6,98.0,96.63,4.78
LiPON,磷酸盐,74.5,43.7,97.5,PI(聚酰亚胺),40.7,60,123.8,0.2,200,0.00558,74.1,780.1,92.9,97.78,5.56
Na₃PS₄(参考),硫化物,53.0,14.5,506.2,PI(聚酰亚胺),34.3,50,499.5,0.2,50,0.31889,33.6,880.7,98.0,99.57,2.64
LAGP(Li₁.₅Al₀.₅Ge₁.₅(PO₄)₃),氧化物,47.7,20.5,357.3,PAN(聚丙烯腈),28.9,25,256.6,0.05,100,0.15169,62.8,653.5,98.0,98.14,4.98
Li₃InCl₆,卤化物,51.2,9.7,625.9,PVA(聚乙烯醇),39.0,30,314.3,0.2,100,0.6647,74.8,726.4,98.0,98.35,4.19
Li₂S-P₂S₅(75:25),硫化物,72.2,9.5,673.5,PMMA(聚甲基丙烯酸甲酯),39.1,70,325.5,1.0,100,3.24891,56.3,849.4,94.1,97.3,2.48
Li₆PS₅Cl,硫化物,41.1,9.9,672.5,纤维素基,54.5,70,105.3,0.2,100,2.23202,73.9,965.9,97.6,95.12,2.53
Li₉.₅₄Si₁.₇₄P₁.₄₄S₁₁.₇Cl₀.₃,硫化物,19.9,5.0,1147.4,PCL(聚己内酯),47.9,60,144.8,0.5,300,1.1354,82.9,827.3,91.6,96.21,2.24
LLZO@GO复合,复合,73.2,176.8,46.1,PPC(聚碳酸亚丙酯),40.3,60,177.5,1.0,200,0.8828,47.0,756.1,94.9,95.57,4.61
Li₂S-P₂S₅(75:25),硫化物,54.9,8.8,765.5,PEO(聚环氧乙烷),68.5,25,219.4,0.5,200,0.73164,82.0,694.9,95.9,97.41,2.64
LATP(Li₁.₃Al₀.₃Ti₁.₇(PO₄)₃),氧化物,19.3,21.4,353.2,纤维素基,50.2,80,385.7,0.1,200,0.03445,49.0,923.6,98.0,97.49,4.56
Li₃ScCl₆,卤化物,60.1,12.2,617.5,PI(聚酰亚胺),26.1,60,468.9,0.5,100,4.51232,45.7,935.5,98.0,97.6,4.19
LLTO(Li₃xLa₂/₃-xTiO₃),氧化物,74.0,10.5,572.6,纤维素基,40.2,50,179.3,1.0,500,1.55231,118.4,797.2,87.6,97.53,4.77
Li₁.₄Al₀.₄Ti₁.₆(PO₄)₃,氧化物,18.6,17.8,380.2,PAN(聚丙烯腈),29.9,40,424.0,0.1,50,0.00699,40.3,602.1,98.0,97.78,5.14
LISICON(Li₂+2xZn₁-xGeO₄),磷酸盐,20.1,20.5,248.8,尼龙6,31.9,60,276.3,0.2,100,0.00732,40.3,687.6,98.0,96.82,5.06
LISICON(Li₂+2xZn₁-xGeO₄),磷酸盐,14.5,24.3,251.5,PI(聚酰亚胺),28.4,30,407.7,0.2,200,0.00091,41.3,456.3,98.0,98.76,5.78
Na₃PS₄(参考),硫化物,36.9,13.8,414.1,PPC(聚碳酸亚丙酯),46.3,55,282.7,0.5,500,0.25705,38.6,790.3,89.8,96.38,2.55
LLZO(Li₇La₃Zr₂O₁₂),氧化物,64.9,21.3,583.9,PCL(聚己内酯),56.5,55,188.9,0.5,100,0.48296,92.0,745.4,98.0,96.81,4.96
Li₂S-P₂S₅(75:25),硫化物,57.2,8.3,478.7,PAN(聚丙烯腈),23.5,60,103.9,0.5,500,2.38997,65.8,844.3,83.7,96.25,2.46
Li₃InCl₆,卤化物,45.8,7.4,474.3,PVDF-HFP,12.1,25,66.9,0.5,100,0.43494,99.4,646.7,94.4,97.52,4.04
LATP/CNT复合,复合,73.3,135.1,57.6,PAN(聚丙烯腈),31.5,40,230.5,0.2,100,0.38819,63.4,811.3,98.0,97.65,4.4
Li₃YCl₆,卤化物,30.7,14.5,449.1,尼龙6,36.4,60,55.0,0.2,100,0.42632,84.5,795.6,92.8,96.1,3.65
Li₃PS₄,硫化物,17.4,13.3,673.8,PVDF-HFP,23.6,60,353.3,0.2,500,0.02312,32.6,730.1,91.9,98.2,2.34
LiBH₄,硼氢化物,15.0,21.6,229.3,纤维素基,47.7,50,122.7,0.05,100,0.0177,56.0,757.9,97.4,96.07,3.02
Li₃InCl₆,卤化物,57.3,7.9,561.5,PEG(聚乙二醇),34.7,45,344.9,0.2,100,1.47158,66.2,658.2,90.7,97.67,3.7
Li₃YCl₆,卤化物,75.8,12.9,508.6,PEG(聚乙二醇),24.0,25,462.4,0.2,200,0.79304,67.4,642.5,98.0,98.18,4.2
LLZO/PVDF纳米纤维,复合,20.6,108.2,86.6,PCL(聚己内酯),61.5,60,215.4,0.1,800,0.02374,42.9,827.4,88.9,96.8,4.47
LLZO-Ta,氧化物,39.5,9.3,588.4,尼龙6,32.7,50,282.1,0.2,100,0.41294,76.0,775.6,98.0,97.52,5.06
LLZO(Li₇La₃Zr₂O₁₂),氧化物,38.9,12.6,502.9,PEG(聚乙二醇),34.5,50,346.0,0.1,100,0.2214,63.0,757.7,98.0,98.21,4.76
Li₁.₄Al₀.₄Ti₁.₆(PO₄)₃,氧化物,21.6,21.5,306.0,尼龙6,54.0,50,141.2,0.5,100,0.01253,56.1,651.0,98.0,97.4,4.67
LLZO-Ta,氧化物,10.3,6.6,493.9,PEO(聚环氧乙烷),59.4,40,419.3,0.2,200,0.0197,59.9,691.7,97.0,98.42,4.77
Li₃ScCl₆,卤化物,22.5,7.7,492.0,PAN(聚丙烯腈),42.0,25,367.7,0.1,200,0.07893,59.8,592.6,98.0,97.37,3.92
LiPON,磷酸盐,49.8,41.2,82.2,PMMA(聚甲基丙烯酸甲酯),49.7,70,207.6,0.5,50,0.00399,48.8,772.2,98.0,95.39,5.12
LISICON(Li₂+2xZn₁-xGeO₄),磷酸盐,54.3,25.5,204.9,PPC(聚碳酸亚丙酯),39.3,60,157.6,0.1,500,0.15911,70.5,808.7,95.1,96.68,5.56
LAGP(Li₁.₅Al₀.₅Ge₁.₅(PO₄)₃),氧化物,62.8,15.4,335.0,PVA(聚乙烯醇),35.1,60,476.9,0.2,100,0.53351,46.8,897.7,98.0,97.45,5.26
LLZO/PVDF纳米纤维,复合,79.7,104.9,107.9,PEG(聚乙二醇),27.9,30,443.8,1.0,500,0.2076,58.7,614.3,94.8,97.79,4.53
Li₉.₅₄Si₁.₇₄P₁.₄₄S₁₁.₇Cl₀.₃,硫化物,21.3,5.6,972.0,PVDF,46.8,40,496.0,0.5,800,0.81252,38.1,786.3,82.4,97.39,2.54
LLTO(Li₃xLa₂/₃-xTiO₃),氧化物,14.0,13.3,824.8,PAN(聚丙烯腈),31.3,25,472.3,0.2,200,0.00731,68.2,569.0,98.0,97.2,4.91
LLZO-Nb,氧化物,51.2,9.6,443.7,PVDF,42.5,50,494.7,0.2,800,0.47149,58.8,734.4,97.4,98.14,4.92
Li₁₀GeP₂S₁₂(LGPS),硫化物,47.1,6.0,777.2,PVDF-HFP,43.0,30,84.5,0.2,200,3.62517,117.4,736.0,87.0,96.44,2.36
Li₇P₃S₁₁,硫化物,42.1,6.2,687.3,PMMA(聚甲基丙烯酸甲酯),45.4,60,466.5,0.2,200,1.39166,38.9,852.5,97.0,97.55,2.61
Li₂ZrCl₆,卤化物,50.1,19.8,388.2,PPC(聚碳酸亚丙酯),52.8,55,318.1,0.1,100,0.59528,40.1,911.8,98.0,97.75,4.23
Na₃PS₄(参考),硫化物,51.6,14.4,624.6,PPC(聚碳酸亚丙酯),43.2,80,489.8,0.5,200,0.63864,31.9,919.4,97.0,96.27,2.74
Li₆PS₅Br,硫化物,51.2,7.5,582.7,PVDF-HFP,35.8,25,195.4,0.1,50,0.82475,75.9,745.0,96.1,98.63,2.47
LLZO/PVDF纳米纤维,复合,67.6,64.2,100.3,PVDF,48.4,30,392.2,0.1,100,0.11064,51.2,674.9,98.0,97.96,4.49
LATP(Li₁.₃Al₀.₃Ti₁.₇(PO₄)₃),氧化物,37.3,24.7,369.0,PEG(聚乙二醇),35.9,25,209.8,0.2,200,0.0703,97.9,593.4,98.0,97.4,5.1
Li₃PS₄,硫化物,19.2,11.7,566.1,PCL(聚己内酯),56.3,50,283.2,0.05,200,0.02985,43.1,783.9,92.2,96.54,2.24
Li₆PS₅Br,硫化物,78.0,11.3,823.4,PEO(聚环氧乙烷),66.1,55,401.7,0.05,300,3.28163,54.8,995.2,93.5,97.58,2.7
LiPON,磷酸盐,13.4,44.2,101.2,PVDF-HFP,38.3,60,421.7,0.1,50,0.00246,29.2,808.6,98.0,96.91,5.51
Li₃PO₄,磷酸盐,53.9,41.7,159.0,PMMA(聚甲基丙烯酸甲酯),58.2,55,484.0,0.1,200,0.00742,42.2,844.6,98.0,98.71,5.45
Na₃PS₄(参考),硫化物,53.8,15.6,642.9,PEO(聚环氧乙烷),56.3,25,191.3,0.1,800,0.19028,86.4,681.3,85.0,96.84,2.51
Li₂S-P₂S₅(75:25),硫化物,26.1,11.6,671.0,纤维素基,40.1,60,58.8,0.1,500,0.1731,78.1,932.3,92.2,95.78,2.21
Li₃InCl₆,卤化物,62.0,10.9,528.1,PEO(聚环氧乙烷),47.8,60,405.5,0.5,200,1.71131,60.6,798.4,96.4,96.92,4.13
LISICON(Li₂+2xZn₁-xGeO₄),磷酸盐,53.9,19.8,261.7,PVA(聚乙烯醇),22.3,50,135.4,0.2,200,0.10005,78.3,761.2,98.0,96.72,5.74
Li₁.₄Al₀.₄Ti₁.₆(PO₄)₃,氧化物,67.0,23.1,261.1,PEO(聚环氧乙烷),67.1,50,493.5,0.5,100,0.38476,61.6,720.6,98.0,98.06,5.15
Li₆PS₅Cl,硫化物,52.2,6.4,494.9,尼龙6,38.5,30,355.7,0.1,100,1.57699,57.3,743.4,98.0,98.22,2.63
LLZO-Nb,氧化物,58.2,12.9,416.6,PEG(聚乙二醇),31.1,55,75.0,1.0,100,0.63721,111.7,665.6,97.5,97.77,4.94
Li₂S-P₂S₅(75:25),硫化物,46.5,8.8,948.0,PI(聚酰亚胺),29.8,30,157.1,0.2,200,0.76802,90.4,660.3,91.5,96.26,2.75
LLZO-Nb,氧化物,75.1,17.9,386.2,PI(聚酰亚胺),25.4,30,157.7,0.5,200,0.48907,114.3,683.0,96.4,98.26,5.08
Li₃YCl₆,卤化物,17.4,8.9,459.9,PI(聚酰亚胺),31.0,60,214.4,0.2,50,0.03617,47.5,753.2,98.0,97.64,4.09
Li₃InCl₆,卤化物,63.3,13.7,456.6,PI(聚酰亚胺),26.6,30,349.3,0.1,300,0.93768,73.6,653.1,98.0,97.1,4.26
Li₃PS₄,硫化物,20.4,11.1,427.7,PEG(聚乙二醇),24.1,40,485.3,0.2,800,0.03787,35.5,684.7,84.0,97.64,2.29
LLZO(Li₇La₃Zr₂O₁₂),氧化物,30.9,18.3,442.8,PEG(聚乙二醇),23.4,25,132.8,0.1,200,0.06707,113.6,625.7,95.6,96.7,5.05
Li₃PS₄,硫化物,22.3,8.1,535.5,PCL(聚己内酯),51.2,60,227.4,0.2,100,0.04759,37.5,803.6,98.0,96.66,2.32
LATP(Li₁.₃Al₀.₃Ti₁.₇(PO₄)₃),氧化物,45.3,15.4,319.5,PCL(聚己内酯),56.4,55,266.6,0.1,300,0.22331,75.8,887.2,92.2,96.69,5.15
Li₃YCl₆,卤化物,26.3,13.3,445.4,PEG(聚乙二醇),41.9,70,68.8,0.05,800,0.17528,57.9,958.2,82.0,96.88,3.87
LLZO-Ta,氧化物,34.9,14.2,395.7,PCL(聚己内酯),53.7,80,337.2,0.1,800,0.84812,41.6,984.8,94.1,97.2,4.9
LATP(Li₁.₃Al₀.₃Ti₁.₇(PO₄)₃),氧化物,23.1,18.9,357.8,PAN(聚丙烯腈),40.2,40,73.8,0.2,50,0.01492,90.5,617.8,98.0,97.64,4.98
LATP(Li₁.₃Al₀.₃Ti₁.₇(PO₄)₃),氧化物,11.1,13.2,420.0,PVA(聚乙烯醇),38.7,40,157.2,0.5,200,0.00223,62.5,516.6,96.8,97.63,5.05
Li₂B₁₂H₁₂,硼氢化物,79.6,21.9,253.2,PEO(聚环氧乙烷),54.2,80,396.4,0.2,100,1.58993,37.8,1081.7,94.3,96.21,3.19
LLZO(Li₇La₃Zr₂O₁₂),氧化物,45.9,16.2,530.5,PVDF,54.1,45,492.4,0.05,200,0.18112,53.3,797.5,98.0,98.12,5.17
LLTO(Li₃xLa₂/₃-xTiO₃),氧化物,20.5,8.8,586.0,PMMA(聚甲基丙烯酸甲酯),53.4,50,371.4,0.1,200,0.04892,44.7,783.2,98.0,97.57,4.61
Li₂S-P₂S₅(75:25),硫化物,21.4,10.0,843.9,PEO(聚环氧乙烷),46.0,60,313.9,0.5,200,0.13363,49.6,760.2,90.2,96.36,2.92
Li₃PS₄,硫化物,36.7,12.9,589.6,PAN(聚丙烯腈),32.2,25,236.3,0.05,50,0.19283,56.0,703.2,98.0,96.5,2.33
LLZO-Ta,氧化物,38.8,13.7,488.7,PVA(聚乙烯醇),32.9,80,64.2,0.1,200,0.88009,87.0,1077.3,91.7,95.14,4.92
LLTO(Li₃xLa₂/₃-xTiO₃),氧化物,34.2,6.7,693.8,PMMA(聚甲基丙烯酸甲酯),48.2,55,386.8,1.0,100,0.50903,50.3,809.5,98.0,97.5,5.07
Na₃PS₄(参考),硫化物,58.1,17.9,476.3,PCL(聚己内酯),49.7,30,321.4,0.1,200,0.26635,55.0,724.1,94.4,96.9,2.31
LLZO-Ta,氧化物,55.6,12.0,438.3,PVDF,42.0,55,283.3,0.5,500,0.54354,82.6,803.3,98.0,98.04,5.18
Li₃YCl₆,卤化物,35.7,19.2,361.5,PAN(聚丙烯腈),44.0,80,326.9,1.0,100,0.85891,36.2,895.8,96.1,96.08,3.72
LLTO(Li₃xLa₂/₃-xTiO₃),氧化物,39.6,6.1,525.8,尼龙6,34.2,50,384.2,0.05,800,0.55352,53.4,909.0,82.7,99.22,5.14
Li₁₀GeP₂S₁₂(LGPS),硫化物,42.1,6.6,968.6,尼龙6,35.9,30,189.5,1.0,300,3.92241,79.1,668.8,90.4,97.81,2.61
LiPON,磷酸盐,27.7,29.7,94.7,PAN(聚丙烯腈),51.6,40,193.8,0.1,200,0.00203,52.4,553.8,95.0,97.42,5.6
Li₃ScCl₆,卤化物,72.6,9.8,653.4,纤维素基,55.6,40,64.1,0.2,500,2.87999,128.1,874.5,89.9,96.39,4.1
Li₃YCl₆,卤化物,78.6,17.8,446.0,PVDF-HFP,32.3,55,241.0,0.5,500,1.61246,58.5,722.2,91.3,96.82,3.82
Li₇P₃S₁₁,硫化物,42.3,10.9,876.2,PEO(聚环氧乙烷),47.8,70,184.1,0.2,500,2.14828,51.8,934.0,89.7,95.74,2.31
LATP(Li₁.₃Al₀.₃Ti₁.₇(PO₄)₃),氧化物,32.3,15.7,422.9,PEG(聚乙二醇),45.4,30,109.4,0.05,500,0.06775,93.2,669.8,88.3,97.53,4.73
Li₉.₅₄Si₁.₇₄P₁.₄₄S₁₁.₇Cl₀.₃,硫化物,25.5,4.3,795.2,PVDF,43.3,25,490.7,0.1,100,0.90626,45.6,639.6,98.0,97.66,2.16
Li₂S-P₂S₅(75:25),硫化物,12.9,12.5,638.8,PEG(聚乙二醇),41.0,30,488.7,1.0,200,0.02476,42.7,525.3,93.6,97.65,2.66
Li₂S-P₂S₅(75:25),硫化物,67.0,7.7,702.1,PEG(聚乙二醇),28.4,40,392.6,0.2,300,1.48941,61.8,737.7,93.3,96.82,2.32
Li₃InCl₆,卤化物,31.1,10.6,569.0,PEO(聚环氧乙烷),56.6,60,258.6,0.05,100,0.66786,57.9,1045.3,96.3,97.15,4.04
Li₂S-P₂S₅(75:25),硫化物,17.5,11.7,745.7,PAN(聚丙烯腈),35.4,30,254.2,0.5,200,0.03325,55.9,555.7,97.8,96.42,2.61
Li₃PS₄,硫化物,41.8,13.3,592.8,PMMA(聚甲基丙烯酸甲酯),48.5,70,211.3,0.1,200,0.55496,50.7,1057.1,94.8,96.02,2.6
Li₆PS₅Br,硫化物,30.1,5.9,886.7,PCL(聚己内酯),41.4,55,387.0,0.05,200,0.84734,49.3,982.1,96.5,96.93,2.47
Li₃PS₄,硫化物,76.4,10.8,502.4,PI(聚酰亚胺),14.2,60,305.7,1.0,50,0.996,50.7,780.2,98.0,96.61,2.67
LLZO-Nb,氧化物,25.1,13.2,374.1,尼龙6,17.4,25,148.1,0.5,300,0.0161,83.0,523.8,98.0,96.61,4.79
Li₂ZrCl₆,卤化物,76.7,14.2,442.2,PVDF,56.5,30,176.9,0.1,200,0.56515,113.6,724.2,93.2,96.81,3.81
LATP/CNT复合,复合,73.8,180.1,76.4,PI(聚酰亚胺),16.3,80,95.3,0.1,100,1.13974,65.0,1099.9,93.0,94.65,4.79
LLZO-Nb,氧化物,13.1,9.2,434.9,纤维素基,43.1,25,348.8,1.0,300,0.00254,48.2,401.4,98.0,97.38,4.99
LAGP(Li₁.₅Al₀.₅Ge₁.₅(PO₄)₃),氧化物,58.1,10.9,431.2,PAN(聚丙烯腈),34.2,25,433.0,0.5,500,0.19344,70.5,563.4,98.0,98.03,4.97
Li₂ZrCl₆,卤化物,66.2,17.8,437.0,PEG(聚乙二醇),41.9,50,390.4,0.1,100,0.94059,51.6,989.0,98.0,97.46,3.89
Li₃YCl₆,卤化物,61.9,13.2,457.1,纤维素基,46.5,55,295.3,0.2,50,1.2486,61.4,776.5,98.0,95.43,3.78
Li₃InCl₆,卤化物,61.5,11.8,530.9,PAN(聚丙烯腈),33.1,40,242.8,0.05,50,1.25308,66.5,906.9,98.0,97.53,3.68
LATP(Li₁.₃Al₀.₃Ti₁.₇(PO₄)₃),氧化物,65.8,18.1,447.7,PMMA(聚甲基丙烯酸甲酯),44.1,80,305.1,0.1,100,0.77616,53.0,966.4,98.0,95.8,5.03
LLZO/PVDF纳米纤维,复合,77.3,91.0,106.9,尼龙6,33.4,25,301.8,0.2,500,0.12573,67.4,623.4,89.2,98.35,4.94
Li₁.₄Al₀.₄Ti₁.₆(PO₄)₃,氧化物,46.2,12.8,235.5,纤维素基,24.4,60,327.0,0.05,800,0.22405,55.7,987.2,88.6,97.05,4.92
LLZO@GO复合,复合,39.4,228.5,34.7,PMMA(聚甲基丙烯酸甲酯),46.9,30,487.3,1.0,300,0.12084,35.4,625.0,98.0,98.83,4.46
LLZO-Nb,氧化物,44.4,12.7,567.2,PCL(聚己内酯),57.1,25,247.4,0.1,100,0.17001,71.1,591.6,98.0,97.73,4.86
Li₆PS₅Br,硫化物,69.9,11.2,832.2,PCL(聚己内酯),60.2,40,95.7,0.5,300,1.53438,125.3,685.5,95.7,96.21,2.53
LLZO(Li₇La₃Zr₂O₁₂),氧化物,12.7,16.1,596.3,PVDF-HFP,32.5,30,464.2,0.5,50,0.00339,56.5,435.5,98.0,98.7,5.16
Li₇P₃S₁₁,硫化物,30.8,11.7,720.2,PVA(聚乙烯醇),39.4,40,158.1,0.05,200,0.61435,74.3,843.7,97.3,96.99,2.51
LLZO/PVDF纳米纤维,复合,54.2,62.7,117.8,PMMA(聚甲基丙烯酸甲酯),43.4,25,225.6,0.2,300,0.08411,64.5,610.5,96.0,97.79,4.56
Li₃PS₄,硫化物,70.8,12.5,631.4,PVDF,27.9,80,464.2,0.1,200,1.48853,35.2,982.6,95.3,96.32,2.23
LATP/CNT复合,复合,31.9,159.3,69.5,PVA(聚乙烯醇),28.0,60,387.1,0.2,50,0.22866,33.6,855.1,98.0,97.57,4.49
Li₁₀GeP₂S₁₂(LGPS),硫化物,12.0,7.6,794.8,PVDF-HFP,31.7,30,458.2,0.5,300,0.05391,38.0,549.8,97.9,97.37,2.57
Li₁.₄Al₀.₄Ti₁.₆(PO₄)₃,氧化物,10.3,24.5,335.9,尼龙6,35.6,45,309.5,0.5,200,0.00173,47.9,578.9,98.0,97.06,5.17
Li₂ZrCl₆,卤化物,45.7,12.3,367.1,PEO(聚环氧乙烷),47.8,55,392.5,0.05,100,0.5397,45.8,961.4,98.0,98.1,3.86
Li₇P₃S₁₁,硫化物,69.1,6.7,858.4,PVDF-HFP,29.7,55,361.7,0.2,100,3.04531,55.8,910.3,98.0,97.77,2.62
LATP(Li₁.₃Al₀.₃Ti₁.₇(PO₄)₃),氧化物,60.1,17.9,417.7,PAN(聚丙烯腈),29.2,80,55.6,0.05,100,0.83245,96.1,1121.2,93.2,97.07,4.89
LLZO(Li₇La₃Zr₂O₁₂),氧化物,51.8,16.2,622.7,尼龙6,34.8,70,62.6,0.05,100,0.48952,106.2,1018.5,93.8,95.51,5.02
LLZO/PVDF纳米纤维,复合,67.5,80.9,110.0,PVDF,25.1,25,95.3,0.2,800,0.10574,96.0,615.6,81.5,97.18,4.85
LLZO-Ta,氧化物,37.3,13.8,530.6,PCL(聚己内酯),56.8,40,258.6,0.2,800,0.25026,91.6,757.0,90.6,98.25,5.08
Li₂S-P₂S₅(75:25),硫化物,65.2,12.2,524.9,PVDF,46.8,25,469.9,0.05,500,0.98965,59.1,750.6,96.0,97.68,2.38
Li₁₀GeP₂S₁₂(LGPS),硫化物,37.1,7.8,893.3,尼龙6,22.7,25,338.3,0.2,500,2.27566,69.6,635.9,84.2,96.75,2.51
Li₃ScCl₆,卤化物,25.4,10.7,526.4,PAN(聚丙烯腈),20.2,45,152.6,0.2,200,0.18384,66.5,667.6,98.0,97.74,3.83
LLZO(Li₇La₃Zr₂O₁₂),氧化物,25.3,14.6,432.9,纤维素基,67.5,25,140.1,1.0,100,0.00841,96.7,479.6,96.0,97.53,5.18
Li₃PS₄,硫化物,30.1,9.6,638.3,尼龙6,41.5,30,194.8,1.0,200,0.15056,64.6,536.6,96.9,96.89,2.94
LLZO@GO复合,复合,57.1,216.0,41.3,PMMA(聚甲基丙烯酸甲酯),45.4,50,101.3,0.5,500,0.54262,57.8,735.6,89.1,97.26,4.37
Li₇P₃S₁₁,硫化物,32.5,8.3,788.4,PAN(聚丙烯腈),20.7,55,209.4,0.1,100,0.96835,63.4,847.3,92.6,96.21,2.32
LiPON,磷酸盐,20.7,41.6,114.2,PEG(聚乙二醇),27.9,80,126.7,0.05,50,0.09737,54.2,1038.5,96.2,96.47,5.21
LLZO-Ta,氧化物,74.8,15.3,424.6,PEO(聚环氧乙烷),44.2,30,370.7,0.2,500,0.50906,81.4,795.7,91.2,98.73,4.81
Li₃InCl₆,卤化物,50.9,12.9,495.6,PAN(聚丙烯腈),38.0,25,325.7,0.05,500,0.49512,69.0,709.4,91.0,96.7,4.14
LLTO(Li₃xLa₂/₃-xTiO₃),氧化物,41.7,9.9,494.4,PAN(聚丙烯腈),29.4,25,216.8,0.5,100,0.28486,91.8,538.7,97.2,97.7,5.13
Li₇P₃S₁₁,硫化物,40.2,6.8,878.9,PMMA(聚甲基丙烯酸甲酯),53.2,50,411.3,0.5,200,0.96593,49.3,688.7,97.8,96.78,2.78
LLZO-Ta,氧化物,48.2,13.1,453.3,PPC(聚碳酸亚丙酯),63.4,50,439.3,0.2,100,0.56916,47.8,811.7,98.0,98.09,4.92
Li₂ZrCl₆,卤化物,42.4,16.3,320.0,PCL(聚己内酯),43.8,30,97.5,0.05,300,0.30252,88.0,645.7,88.9,97.01,4.06
Li₃InCl₆,卤化物,17.0,14.1,534.5,PVDF-HFP,44.3,30,161.3,0.05,500,0.02196,73.0,620.1,84.7,97.66,3.88
Li₃YCl₆,卤化物,34.2,13.6,488.2,PAN(聚丙烯腈),31.0,45,444.2,1.0,50,0.32847,48.0,668.6,98.0,96.88,3.72
LiPON,磷酸盐,68.6,42.9,88.0,PPC(聚碳酸亚丙酯),45.0,45,170.0,0.2,50,0.00804,75.0,672.9,97.4,97.5,5.47
Li₁.₄Al₀.₄Ti₁.₆(PO₄)₃,氧化物,44.7,27.6,316.4,PVDF,31.8,40,225.0,0.5,50,0.14167,85.0,638.5,98.0,97.62,5.03
Li₁.₄Al₀.₄Ti₁.₆(PO₄)₃,氧化物,16.1,22.6,272.2,PVA(聚乙烯醇),42.8,60,169.6,0.05,50,0.00956,48.9,839.5,98.0,96.37,4.74
LiBH₄,硼氢化物,20.8,25.7,242.9,PMMA(聚甲基丙烯酸甲酯),49.5,55,411.7,0.5,100,0.06019,26.3,762.3,98.0,96.53,3.06
Li₃PO₄,磷酸盐,70.4,30.3,131.9,PVDF,42.3,40,182.6,1.0,50,0.00609,71.5,539.7,98.0,99.7,5.41
Li₂S-P₂S₅(75:25),硫化物,73.6,10.5,649.8,PMMA(聚甲基丙烯酸甲酯),40.8,60,159.9,0.2,800,2.44509,72.2,908.5,85.0,95.9,2.63
LiBH₄,硼氢化物,30.7,24.2,206.8,PVDF-HFP,42.2,60,412.1,0.2,200,0.48793,29.1,806.7,93.6,96.91,2.73
Li₆PS₅Cl,硫化物,40.6,10.0,679.4,PAN(聚丙烯腈),23.8,30,186.0,0.2,200,0.50539,66.7,606.3,98.0,96.78,2.28
Li₆PS₅Br,硫化物,34.3,7.7,860.1,PCL(聚己内酯),54.4,60,310.0,0.5,200,0.85795,48.6,730.8,94.3,97.11,2.38
LLZO-Nb,氧化物,10.0,15.3,415.2,PMMA(聚甲基丙烯酸甲酯),48.6,60,159.3,0.2,100,0.00703,55.9,662.2,98.0,96.63,5.01
Li₁₀GeP₂S₁₂(LGPS),硫化物,10.0,5.6,1013.2,尼龙6,31.7,25,367.7,0.1,100,0.03642,54.5,586.6,98.0,97.28,2.66
Li₂S-P₂S₅(75:25),硫化物,18.0,8.5,551.6,PAN(聚丙烯腈),21.8,25,402.4,0.1,500,0.02809,45.8,539.5,88.4,97.02,2.53
LiPON,磷酸盐,59.3,41.6,123.8,尼龙6,36.4,40,194.9,0.2,100,0.00225,80.0,571.9,98.0,97.25,5.41
Li₃ScCl₆,卤化物,73.7,11.0,577.5,PVDF-HFP,37.4,60,307.0,0.5,500,5.56514,60.0,902.0,93.4,97.25,4.08
Li₃PS₄,硫化物,17.1,11.4,671.5,PCL(聚己内酯),77.3,40,480.5,1.0,200,0.0217,36.2,563.5,98.0,97.39,2.22
LLTO(Li₃xLa₂/₃-xTiO₃),氧化物,32.0,11.3,659.5,PPC(聚碳酸亚丙酯),53.3,25,212.5,0.1,100,0.1696,73.7,679.0,98.0,96.12,5.01
Li₂ZrCl₆,卤化物,67.4,13.2,393.9,PAN(聚丙烯腈),40.9,80,232.7,0.05,100,2.3469,45.8,1180.4,98.0,97.2,3.86
LLZO-Nb,氧化物,18.0,10.5,524.9,PVDF,35.4,55,77.0,0.2,500,0.02026,71.6,673.9,97.7,97.7,5.23
LATP(Li₁.₃Al₀.₃Ti₁.₇(PO₄)₃),氧化物,36.9,18.4,350.4,PMMA(聚甲基丙烯酸甲酯),53.7,60,322.1,0.05,200,0.2124,49.3,961.1,98.0,97.42,4.72
LLTO(Li₃xLa₂/₃-xTiO₃),氧化物,66.2,11.8,612.7,尼龙6,30.8,25,374.5,0.2,100,0.54543,101.0,676.6,97.2,97.05,5.03
LiBH₄,硼氢化物,17.3,33.3,179.1,纤维素基,50.9,25,446.6,0.05,500,0.01397,36.6,556.5,85.1,97.76,3.09
LATP(Li₁.₃Al₀.₃Ti₁.₇(PO₄)₃),氧化物,43.7,22.4,330.5,纤维素基,52.4,55,413.8,0.1,100,0.29591,63.9,847.3,98.0,97.84,4.8
LLZO-Nb,氧化物,75.6,16.9,511.0,PI(聚酰亚胺),27.2,40,253.0,0.2,300,0.55661,91.2,727.6,96.0,98.14,5.15
LLZO(Li₇La₃Zr₂O₁₂),氧化物,35.8,21.1,481.4,PEO(聚环氧乙烷),52.0,55,53.1,0.2,50,0.20019,92.8,793.8,96.7,96.66,4.91
Li₁.₄Al₀.₄Ti₁.₆(PO₄)₃,氧化物,24.1,22.8,294.0,PVDF,40.7,50,498.1,0.2,200,0.01701,38.6,712.0,98.0,97.21,5.2
LiPON,磷酸盐,27.4,34.1,108.8,PEO(聚环氧乙烷),36.1,45,97.2,0.2,100,0.02532,59.7,724.6,90.7,97.83,5.48
LLZO(Li₇La₃Zr₂O₁₂),氧化物,55.0,12.2,454.1,PI(聚酰亚胺),30.4,60,352.9,0.2,100,0.42027,65.2,767.3,98.0,97.84,5.09
Li₂ZrCl₆,卤化物,39.4,17.0,438.9,PI(聚酰亚胺),26.9,25,259.3,0.1,200,0.16143,61.3,635.2,98.0,97.3,3.85
LLZO-Nb,氧化物,18.4,17.1,502.2,纤维素基,41.7,50,267.6,0.05,800,0.01825,62.1,678.5,89.3,98.44,5.16
LISICON(Li₂+2xZn₁-xGeO₄),磷酸盐,17.2,22.4,200.2,PVDF-HFP,32.8,70,494.3,1.0,500,0.01001,22.8,735.2,90.2,96.51,5.34
Li₆PS₅Cl,硫化物,19.0,7.2,696.4,PAN(聚丙烯腈),32.1,25,422.9,0.2,200,0.04885,47.4,635.0,96.3,97.64,2.45
Li₃InCl₆,卤化物,68.6,10.3,386.2,PI(聚酰亚胺),34.3,45,392.1,0.5,100,1.55294,48.8,838.1,98.0,97.98,4.02
LLZO-Ta,氧化物,76.0,10.1,461.2,纤维素基,45.3,60,297.9,0.1,200,1.4477,91.8,803.5,98.0,97.06,4.79
Li₆PS₅Br,硫化物,37.5,9.2,778.9,PPC(聚碳酸亚丙酯),33.2,50,216.1,0.5,200,0.69037,59.8,695.0,98.0,96.45,2.56
LLZO-Nb,氧化物,57.2,19.6,517.2,PCL(聚己内酯),37.9,45,171.9,0.5,200,0.50138,111.8,744.0,98.0,97.57,4.9
Li₃PS₄,硫化物,43.4,7.9,687.3,PEG(聚乙二醇),39.1,40,470.6,0.1,100,0.2989,51.8,826.9,98.0,96.95,2.71
LATP(Li₁.₃Al₀.₃Ti₁.₇(PO₄)₃),氧化物,65.0,10.6,314.4,PMMA(聚甲基丙烯酸甲酯),52.3,60,162.8,0.5,800,0.51509,73.2,734.7,90.6,97.48,5.16
LLZO/PVDF纳米纤维,复合,37.7,103.2,110.1,PCL(聚己内酯),53.9,55,320.3,0.2,800,0.13954,41.1,771.6,90.0,96.4,4.55
Li₂ZrCl₆,卤化物,18.9,20.3,448.2,PEO(聚环氧乙烷),48.8,80,122.1,0.1,200,0.11327,62.9,1025.2,95.5,94.92,4.0
LAGP(Li₁.₅Al₀.₅Ge₁.₅(PO₄)₃),氧化物,73.9,16.8,279.3,PEG(聚乙二醇),19.1,25,290.9,0.05,200,0.30052,89.3,728.6,98.0,98.43,5.07
LiBH₄,硼氢化物,51.6,22.7,159.2,PVDF,37.9,45,454.4,0.5,200,0.88831,38.7,744.7,97.8,98.54,2.89
LAGP(Li₁.₅Al₀.₅Ge₁.₅(PO₄)₃),氧化物,49.8,18.5,405.4,PPC(聚碳酸亚丙酯),42.1,55,419.4,1.0,200,0.38612,45.5,790.9,98.0,97.6,4.82
LAGP(Li₁.₅Al₀.₅Ge₁.₅(PO₄)₃),氧化物,47.4,16.2,435.0,PI(聚酰亚胺),28.3,25,486.3,0.1,200,0.12407,58.8,641.7,95.0,97.58,5.33
Li₁.₄Al₀.₄Ti₁.₆(PO₄)₃,氧化物,59.2,14.7,299.2,尼龙6,37.1,60,138.4,0.1,200,0.42758,78.1,825.2,95.7,95.94,4.79
LATP/CNT复合,复合,60.0,160.3,54.5,PMMA(聚甲基丙烯酸甲酯),47.9,25,342.4,0.1,800,0.21542,52.4,679.3,88.3,96.92,4.47
Li₃YCl₆,卤化物,42.3,11.6,505.8,PCL(聚己内酯),76.2,70,218.5,0.5,200,0.97249,56.6,884.1,95.9,96.02,4.13
Li₂S-P₂S₅(75:25),硫化物,41.3,11.0,666.3,PI(聚酰亚胺),25.9,55,438.2,0.1,500,1.12115,42.4,961.2,96.5,97.13,2.44
LATP(Li₁.₃Al₀.₃Ti₁.₇(PO₄)₃),氧化物,71.3,16.2,251.7,尼龙6,42.5,30,350.7,0.2,500,0.21932,71.5,601.3,91.6,98.35,4.97
Li₂ZrCl₆,卤化物,33.6,11.2,430.6,PVDF-HFP,33.3,60,418.6,0.1,200,0.44763,40.5,928.4,95.6,98.02,3.82
LLZO-Ta,氧化物,74.7,12.5,427.0,PPC(聚碳酸亚丙酯),29.9,50,76.6,0.2,800,0.81647,106.3,795.4,84.7,97.91,4.96
LLZO-Nb,氧化物,48.0,12.9,517.9,纤维素基,44.6,40,162.5,1.0,200,0.28688,115.2,608.5,98.0,97.85,4.82
Li₃PS₄,硫化物,13.3,10.7,402.0,PVDF-HFP,29.7,70,417.3,0.5,200,0.01525,25.8,832.6,91.4,96.09,2.47
Li₆PS₅Br,硫化物,28.6,11.5,782.9,纤维素基,54.9,55,64.6,0.1,50,0.15811,86.4,877.4,94.5,96.68,2.57
LLZO-Ta,氧化物,12.6,13.7,502.6,PI(聚酰亚胺),25.0,25,251.3,0.2,300,0.00362,63.7,505.2,98.0,97.59,5.1
Li₂S-P₂S₅(75:25),硫化物,52.1,10.8,717.2,PAN(聚丙烯腈),45.4,55,342.8,1.0,800,1.7663,55.3,689.4,88.3,96.56,2.3
LATP/CNT复合,复合,53.7,66.1,58.5,纤维素基,37.0,70,361.7,0.5,50,0.60066,44.0,804.5,98.0,95.94,4.48
LAGP(Li₁.₅Al₀.₅Ge₁.₅(PO₄)₃),氧化物,36.0,19.7,309.7,PEO(聚环氧乙烷),50.8,80,431.6,0.2,50,0.53629,39.3,958.1,98.0,96.42,4.86
Li₃InCl₆,卤化物,56.0,10.5,544.3,尼龙6,23.0,25,384.5,0.5,100,0.4508,74.9,648.4,98.0,97.79,3.94
Na₃PS₄(参考),硫化物,18.5,13.2,517.8,PAN(聚丙烯腈),49.9,25,277.6,0.2,500,0.0095,52.1,502.2,90.7,97.29,2.42
LiPON,磷酸盐,40.9,42.7,111.6,PMMA(聚甲基丙烯酸甲酯),40.5,60,494.6,0.1,800,0.00242,30.9,632.9,89.8,98.0,4.95
Li₇P₃S₁₁,硫化物,78.0,7.9,929.9,PAN(聚丙烯腈),23.3,80,439.9,0.5,200,5.15384,49.7,962.5,93.7,96.06,2.48
LLZO@GO复合,复合,79.4,152.2,59.5,PVA(聚乙烯醇),26.5,30,318.3,0.05,200,0.40437,80.9,809.7,98.0,98.24,4.62
Li₃InCl₆,卤化物,13.1,9.1,362.0,PI(聚酰亚胺),18.6,45,365.0,0.2,200,0.01637,33.7,629.0,97.9,97.38,3.86
Na₃PS₄(参考),硫化物,78.0,9.0,584.9,PVA(聚乙烯醇),21.5,80,424.7,0.2,200,1.34303,50.6,983.4,90.5,95.15,2.39
Li₃PO₄,磷酸盐,79.8,37.0,174.8,PCL(聚己内酯),46.4,25,158.5,1.0,200,0.00802,101.1,389.9,97.0,98.73,5.22
Li₆PS₅Br,硫化物,57.9,11.1,741.2,纤维素基,54.5,60,132.7,1.0,200,2.12828,83.9,790.0,92.7,96.91,2.34
Li₃ScCl₆,卤化物,21.0,11.9,538.6,纤维素基,45.4,55,369.7,0.05,50,0.16727,43.6,878.2,98.0,96.38,3.9
Na₃PS₄(参考),硫化物,28.7,6.9,543.0,PVA(聚乙烯醇),21.6,40,240.8,0.1,300,0.03421,62.0,619.3,95.9,98.14,2.56
LLTO(Li₃xLa₂/₃-xTiO₃),氧化物,16.3,7.1,672.2,PVDF-HFP,40.8,50,271.3,0.2,100,0.02658,57.2,718.6,95.0,96.67,4.82
Li₆PS₅Cl,硫化物,62.0,5.6,780.2,PMMA(聚甲基丙烯酸甲酯),52.5,80,83.2,1.0,300,5.45025,67.6,862.3,85.4,95.23,2.2
Li₃PO₄,磷酸盐,19.6,34.8,162.0,PVDF-HFP,40.7,30,174.0,0.2,300,0.00069,67.6,456.8,98.0,98.15,5.24
Li₃PS₄,硫化物,25.5,13.2,639.5,PCL(聚己内酯),65.5,60,165.5,0.5,200,0.07558,54.8,688.3,96.0,97.6,2.42
LiPON,磷酸盐,43.5,32.2,80.1,PVA(聚乙烯醇),21.9,60,352.9,0.1,100,0.00295,47.5,847.6,98.0,98.04,5.01
Li₆PS₅Br,硫化物,50.3,7.6,809.6,PAN(聚丙烯腈),33.7,25,54.0,0.5,100,0.89003,122.8,576.4,94.0,96.53,2.55
Li₁₀GeP₂S₁₂(LGPS),硫化物,70.9,4.3,909.6,PCL(聚己内酯),57.5,50,435.8,1.0,200,14.07506,61.3,767.6,95.1,96.89,2.7
Li₆PS₅Br,硫化物,42.7,9.4,895.1,纤维素基,37.7,60,395.8,0.5,100,1.15655,54.5,821.1,98.0,97.02,2.71
LLZO-Ta,氧化物,40.0,8.7,339.5,PAN(聚丙烯腈),26.7,45,369.1,0.5,100,0.27154,45.1,679.1,98.0,99.07,4.53
LAGP(Li₁.₅Al₀.₅Ge₁.₅(PO₄)₃),氧化物,38.5,15.5,375.0,PVDF,39.6,60,111.0,0.05,200,0.42196,74.1,909.3,96.2,95.77,4.79
Li₇P₃S₁₁,硫化物,62.1,9.2,862.3,纤维素基,37.8,30,417.0,0.1,100,1.1035,72.6,708.8,98.0,96.78,2.31
LLZO@GO复合,复合,21.6,170.9,42.8,PI(聚酰亚胺),34.1,60,102.4,1.0,800,0.02845,46.7,754.7,83.8,96.1,4.46
Li₆PS₅Br,硫化物,66.7,7.2,659.8,PAN(聚丙烯腈),33.5,30,378.6,0.2,500,1.17258,68.7,664.2,90.6,97.46,2.34
Li₂S-P₂S₅(75:25),硫化物,67.0,8.6,801.8,PVA(聚乙烯醇),32.0,50,209.6,0.1,200,1.86323,94.1,931.1,96.3,96.97,2.28
LLZO-Nb,氧化物,18.4,11.8,452.5,PMMA(聚甲基丙烯酸甲酯),56.5,45,215.0,0.1,100,0.01281,61.0,682.7,97.7,98.0,4.62
Li₃PO₄,磷酸盐,37.7,34.2,145.3,PPC(聚碳酸亚丙酯),42.8,60,274.5,0.2,50,0.01239,39.9,812.8,98.0,96.94,4.99
LLTO(Li₃xLa₂/₃-xTiO₃),氧化物,67.5,7.5,472.6,PVDF,50.0,50,329.2,0.5,50,1.42256,72.8,721.9,98.0,97.33,4.88
